,MKT,SMB,HML,RMW,CMA
1963-07-31,-0.0067,0.0002,-0.0034999999999999996,0.0003,0.0013
1963-08-31,-0.0008,-0.0012,-0.0013,0.0013,-0.0008
1963-09-30,0.0023,0.0007000000000000001,0.0007000000000000001,-0.0001,0.0017000000000000001
1963-10-31,0.006500000000000001,-0.0021,0.0025,-0.0006,-0.0023
1963-11-30,-0.0018,0.0026,0.0021,-0.0022,0.0014000000000000002
1963-12-31,0.0053,-0.0034000000000000002,-0.0019,0.0045000000000000005,-0.0028000000000000004
1964-01-31,0.006,0.006500000000000001,0.005699999999999999,-0.004,0.0017000000000000001
1964-02-29,0.0,0.0002,0.0005,-0.003,0.001
1964-03-31,0.0022,0.0,0.0034000000000000002,-0.002,0.0014000000000000002
1964-04-30,0.0034000000000000002,0.0025,0.0067,-0.001,0.0012
1964-05-31,0.0078000000000000005,-0.0019,0.0032,0.0003,-0.0019
1964-06-30,-0.0034999999999999996,0.0004,0.0002,-0.0015,0.0012
1964-07-31,0.0062,-0.0015,0.0037,-0.0025,-0.0007000000000000001
1964-08-31,-0.0024,-0.0024,0.0024,0.0004,-0.0001
1964-09-30,0.0046,-0.0015,0.0055000000000000005,0.0008,0.0004
1964-10-31,-0.0014000000000000002,0.001,0.0012,0.0024,-0.0019
1964-11-30,0.0043,-0.0015,-0.0028000000000000004,0.0038,-0.001
1964-12-31,-0.01,0.0014000000000000002,-0.002,0.0034999999999999996,0.0017000000000000001
1965-01-31,-0.0045000000000000005,0.006500000000000001,-0.0008,-0.0018,0.0031
1965-02-28,0.0003,0.001,-0.0008,-0.0005,0.0028000000000000004
1965-03-31,-0.0014000000000000002,0.0044,0.0003,0.0021,0.0007000000000000001
1965-04-30,0.0016,0.0006,-0.0018,0.0011,-0.002
1965-05-31,0.0008,-0.003,-0.0016,0.0011,-0.0007000000000000001
1965-06-30,-0.006999999999999999,0.0004,0.002,-0.0007000000000000001,0.0011
1965-07-31,0.0046,0.0029,0.0002,-0.0023,0.0022
1965-08-31,0.002,0.0002,-0.0037,0.0005,-0.0005
1965-09-30,0.0005,0.0001,-0.0021,-0.0006,-0.0006
1965-10-31,-0.0006,0.002,0.0009,-0.0063,0.0011
1965-11-30,-0.001,0.0004,0.0023,0.0011,-0.0022
1965-12-31,-0.0003,0.0037,0.0028000000000000004,-0.0032,-0.0024
1966-01-31,-0.0022,0.0072,0.0029,-0.0044,0.0021
1966-02-28,-0.008100000000000001,-0.0088,-0.0042,0.006999999999999999,-0.0014000000000000002
1966-03-31,-0.0129,-0.0018,-0.0021,0.0036,0.0021
1966-04-30,0.0076,-0.0014000000000000002,0.0022,-0.0014000000000000002,0.0012
1966-05-31,-0.0011,-0.0006,-0.0016,0.0054,-0.004
1966-06-30,-0.0001,-0.0008,-0.0018,-0.0009,0.0034999999999999996
1966-07-31,0.009899999999999999,0.0014000000000000002,-0.0021,0.0002,-0.0012
1966-08-31,-0.015300000000000001,-0.0025,0.003,-0.001,0.0042
1966-09-30,0.0066,-0.0034999999999999996,-0.0004,-0.0049,0.0059
1966-10-31,-0.0217,-0.0022,0.012199999999999999,-0.0103,0.0125
1966-11-30,0.0084,-0.0005,-0.004,0.0088,-0.0060999999999999995
1966-12-31,-0.0039000000000000003,0.0034000000000000002,-0.0017000000000000001,0.0009,0.0018
1967-01-31,0.0008,0.0111,0.0068000000000000005,0.0019,0.0038
1967-02-28,-0.0015,0.0033,0.0004,-0.0001,-0.0032
1967-03-31,0.0098,0.001,0.0004,-0.0014000000000000002,-0.0039000000000000003
1967-04-30,-0.0113,-0.0025,0.0021,-0.0053,0.0086
1967-05-31,-0.0008,0.0045000000000000005,-0.0031,0.0026,-0.0013
1967-06-30,0.0118,0.0001,-0.0016,-0.0004,-0.0049
1967-07-31,0.0034999999999999996,0.0038,-0.0003,0.0023,-0.0021
1967-08-31,0.0062,-0.0031,0.006,0.0016,0.0013
1967-09-30,0.0015,0.0042,0.0005,-0.0007000000000000001,-0.0058
1967-10-31,-0.004,0.0017000000000000001,-0.0001,-0.0033,0.001
1967-11-30,-0.012199999999999999,0.002,-0.0009,-0.0049,-0.0014000000000000002
1967-12-31,0.0054,0.0053,-0.0017000000000000001,-0.0014000000000000002,-0.0011
1968-01-31,-0.0026,0.004699999999999999,0.0123,-0.0089,0.014499999999999999
1968-02-29,0.0028000000000000004,-0.0039000000000000003,0.0028000000000000004,0.0006,0.0008
1968-03-31,-0.0045000000000000005,-0.0069,0.0022,-0.0018,0.0026
1968-04-30,0.023799999999999998,-0.0064,-0.0079,0.0067,-0.0052
1968-05-31,0.0032,0.0011,0.0021,0.0015,-0.0034000000000000002
1968-06-30,0.0125,-0.002,-0.0034000000000000002,0.0024,-0.0031
1968-07-31,-0.0023,0.0012,0.0059,0.0,0.0018
1968-08-31,-0.0054,-0.0004,-0.0005,0.0039000000000000003,0.0046
1968-09-30,0.0037,-0.0018,0.0028000000000000004,0.0002,-0.0016
1968-10-31,0.0016,0.0037,0.0028000000000000004,-0.0011,0.0026
1968-11-30,-0.0037,-0.0017000000000000001,0.0005,0.0024,-0.0004
1968-12-31,-0.0019,0.0034999999999999996,-0.0038,-0.0012,0.006999999999999999
1969-01-31,0.0008,0.003,-0.0003,-0.0005,0.0019
1969-02-28,-0.0009,-0.001,0.0042,-0.0031,0.0051
1969-03-31,0.0017000000000000001,-0.0034000000000000002,-0.0017000000000000001,0.0016,0.0008
1969-04-30,-0.0014000000000000002,0.0011,0.0043,-0.0001,0.0011
1969-05-31,-0.001,0.0033,0.0,0.0,0.0039000000000000003
1969-06-30,-0.0054,0.0011,-0.0003,0.0026,-0.0032
1969-07-31,0.0046,0.0036,-0.005699999999999999,-0.0042,-0.0038
1969-08-31,0.0197,0.0066,-0.004699999999999999,-0.0029,-0.0068000000000000005
1969-09-30,-0.0011,-0.0006,0.0042,-0.0025,0.0021
1969-10-31,-0.0063,0.0016,0.0024,-0.0006,0.0013
1969-11-30,-0.0007000000000000001,-0.0025,0.0023,-0.0002,0.0025
1969-12-31,-0.0076,-0.0046,0.0024,0.0064,0.0017000000000000001
1970-01-31,0.0118,0.013600000000000001,0.0101,-0.0113,0.0043
1970-02-28,0.008199999999999999,-0.0063,-0.001,0.0015,0.0007000000000000001
1970-03-31,0.0013,-0.0015,0.006500000000000001,0.0006,0.0074
1970-04-30,0.0045000000000000005,-0.0008,0.0003,-0.0033,-0.0017000000000000001
1970-05-31,-0.0014000000000000002,0.0001,0.0011,-0.0006,0.0048
1970-06-30,0.0183,0.01,-0.0165,0.0005,-0.016
1970-07-31,0.0033,-0.006,-0.0028000000000000004,0.0034999999999999996,0.0024
1970-08-31,-0.012199999999999999,0.0014000000000000002,0.0051,-0.0005,0.0034000000000000002
1970-09-30,-0.0064,0.0002,0.0027,-0.0029,0.0031
1970-10-31,0.0012,-0.0028000000000000004,-0.0011,0.0027,0.0004
1970-11-30,0.0032,-0.0003,-0.0019,0.0045000000000000005,-0.002
1970-12-31,0.0029,-0.0004,0.0015,-0.0023,-0.001
1971-01-31,-0.009899999999999999,0.0058,0.006500000000000001,-0.0054,0.004
1971-02-28,0.0067,0.006999999999999999,-0.0019,-0.0013,0.0006
1971-03-31,0.003,0.0022,-0.0026,-0.0009,-0.0043
1971-04-30,0.0006,-0.0002,-0.0018,0.0014000000000000002,0.0001
1971-05-31,-0.005699999999999999,0.002,-0.0021,0.0013,-0.0013
1971-06-30,0.0060999999999999995,-0.0008,-0.0007000000000000001,-0.0005,-0.0033
1971-07-31,0.001,0.001,-0.0003,-0.0005,-0.0005
1971-08-31,0.0049,0.0037,0.0078000000000000005,-0.006,0.0031
1971-09-30,0.0004,0.0002,0.0014000000000000002,-0.0029,0.0016
1971-10-31,0.0060999999999999995,0.0013,-0.0022,0.0014000000000000002,0.0004
1971-11-30,-0.0148,-0.0001,-0.0015,0.0027,0.002
1971-12-31,0.0173,0.0040999999999999995,-0.0029,-0.0002,0.0008
1972-01-31,-0.0037,0.0072,0.0062,-0.0066,0.003
1972-02-29,0.0014000000000000002,0.0046,-0.0043,0.0018,-0.0040999999999999995
1972-03-31,0.008,-0.001,-0.0054,0.0015,0.0040999999999999995
1972-04-30,0.0023,-0.0016,-0.0014000000000000002,-0.0014000000000000002,-0.0029
1972-05-31,-0.0091,-0.0018,0.0019,-0.0002,0.0004
1972-06-30,0.0022,0.0006,-0.0007000000000000001,-0.0001,-0.0014000000000000002
1972-07-31,0.0034000000000000002,0.0003,0.0008,-0.002,-0.0017000000000000001
1972-08-31,0.009300000000000001,-0.0048,-0.0053,0.0033,-0.002
1972-09-30,0.004,0.0012,-0.0013,0.0018,-0.0004
1972-10-31,-0.0032,0.0005,0.0023,-0.0011,-0.0003
1972-11-30,0.0102,-0.004,-0.0004,0.0013,0.0
1972-12-31,0.006500000000000001,0.0031,-0.002,0.0001,-0.0022
1973-01-31,0.0087,0.0083,0.0,-0.003,0.0031
1973-02-28,-0.0116,-0.0012,0.0018,0.0003,-0.0018
1973-03-31,-0.006999999999999999,0.001,0.004699999999999999,-0.0025,0.0028000000000000004
1973-04-30,-0.012,0.0007000000000000001,0.0064,0.0001,0.0033
1973-05-31,0.0002,-0.0034999999999999996,0.0003,0.0,-0.0032
1973-06-30,-0.0095,-0.0011,0.0064,-0.0033,0.0046
1973-07-31,-0.012,0.0062,0.006,-0.0025,0.002
1973-08-31,-0.0131,-0.0022,0.0043,-0.0011,0.0005
1973-09-30,0.0037,0.0001,0.0043,-0.0048,0.0026
1973-10-31,-0.0016,0.0066,0.0069,-0.0031,0.0052
1973-11-30,-0.0058,-0.001,-0.0022,0.0006,0.0006
1973-12-31,-0.0206,-0.0032,0.0022,-0.0008,0.0001
1974-01-31,0.0026,0.0141,0.0113,-0.0097,0.0052
1974-02-28,-0.0123,0.005600000000000001,0.0033,-0.0008,0.0003
1974-03-31,-0.0060999999999999995,0.0075,0.0034999999999999996,-0.0006,0.0008
1974-04-30,-0.0079,0.0033,0.0036,-0.0008,0.0031
1974-05-31,0.0195,-0.009399999999999999,-0.005699999999999999,0.0022,0.0009
1974-06-30,0.018600000000000002,-0.0079,-0.0008,-0.0007000000000000001,0.0027
1974-07-31,-0.0018,-0.0042,0.0018,-0.0033,0.0
1974-08-31,-0.0066,0.0008,0.004,-0.0012,0.0025
1974-09-30,-0.0218,0.008,0.0083,-0.0037,0.0104
1974-10-31,-0.0023,-0.0043,0.0,0.0019,-0.0032
1974-11-30,-0.0003,0.0016,0.0005,-0.0033,0.0023
1974-12-31,-0.025099999999999997,0.006999999999999999,0.0058,-0.003,0.0064
1975-01-31,0.0248,0.0054,0.013600000000000001,-0.008100000000000001,0.0021
1975-02-28,0.0124,0.0040999999999999995,0.0015,-0.0009,0.0012
1975-03-31,0.0171,-0.004699999999999999,0.003,0.0006,-0.0022
1975-04-30,-0.008100000000000001,0.0005,-0.0032,-0.0003,0.0007000000000000001
1975-05-31,0.0085,-0.0025,-0.0052,0.0016,0.0012
1975-06-30,0.014199999999999999,-0.0022,0.0015,-0.0023,0.0012
1975-07-31,-0.0040999999999999995,0.0034000000000000002,0.0032,-0.001,0.0002
1975-08-31,-0.0098,0.0013,0.0025,0.0002,0.001
1975-09-30,-0.015600000000000001,0.0053,0.002,-0.003,0.0026
1975-10-31,-0.0116,0.0004,-0.0008,-0.0042,0.0037
1975-11-30,-0.009399999999999999,0.0045000000000000005,-0.0001,-0.0029,0.0012
1975-12-31,-0.0059,0.0015,0.0013,-0.0001,0.0001
1976-01-31,0.0079,0.0019,0.0123,-0.0049,0.0033
1976-02-29,0.0014000000000000002,0.0033,0.0024,0.0005,0.0034000000000000002
1976-03-31,0.0032,-0.0008,0.004699999999999999,-0.003,0.0016
1976-04-30,-0.0043,0.0043,-0.0026,0.0015,-0.0012
1976-05-31,-0.0083,-0.001,-0.0037,0.0016,-0.0019
1976-06-30,-0.0028000000000000004,-0.0003,0.0017000000000000001,-0.0024,-0.0008
1976-07-31,-0.0067,0.0039000000000000003,0.0013,-0.0008,-0.002
1976-08-31,-0.0015,-0.0006,0.0025,-0.0004,0.001
1976-09-30,0.0102,-0.0024,-0.0037,0.0016,-0.0029
1976-10-31,-0.0092,0.0033,0.0017000000000000001,-0.0005,-0.0016
1976-11-30,0.0023,-0.0002,0.0017000000000000001,-0.0014000000000000002,0.0013
1976-12-31,0.0043,0.0008,0.0007000000000000001,-0.0015,0.0019
1977-01-31,-0.0032,0.0067,0.0068000000000000005,-0.0017000000000000001,0.004699999999999999
1977-02-28,0.005,0.001,-0.001,0.0017000000000000001,-0.0026
1977-03-31,0.0085,-0.002,-0.0021,0.0022,-0.0025
1977-04-30,0.0075,-0.0027,0.0,0.0017000000000000001,-0.0003
1977-05-31,0.0053,-0.002,-0.0012,0.0012,0.0009
1977-06-30,0.0074,-0.0031,-0.0016,0.0003,0.0002
1977-07-31,-0.0026,0.0055000000000000005,0.0019,-0.0007000000000000001,0.0004
1977-08-31,0.0034999999999999996,-0.0022,-0.0004,0.0013,-0.0011
1977-09-30,0.0014000000000000002,0.0039000000000000003,0.0021,-0.0002,0.0014000000000000002
1977-10-31,0.0028000000000000004,0.0004,0.0012,0.0,0.0007000000000000001
1977-11-30,-0.0098,0.0024,0.0043,-0.0021,0.0012
1977-12-31,0.0005,0.0058,0.0009,0.0009,0.0007000000000000001
1978-01-31,-0.0129,0.0046,0.0068000000000000005,-0.0062,0.0011
1978-02-28,0.0078000000000000005,0.0013,-0.0037,0.0042,-0.0017000000000000001
1978-03-31,0.001,-0.0011,-0.0002,0.0007000000000000001,0.0012
1978-04-30,-0.0070999999999999995,0.0017000000000000001,0.0024,-0.0014000000000000002,-0.0002
1978-05-31,0.0084,-0.0014000000000000002,-0.0031,0.0042,-0.0028000000000000004
1978-06-30,0.0011,0.0002,-0.0009,0.0012,-0.0005
1978-07-31,-0.0031,0.0032,0.0006,0.0,-0.0016
1978-08-31,0.0012,-0.0001,-0.0001,-0.0017000000000000001,0.0001
1978-09-30,0.004,-0.0021,0.0006,0.0016,0.0042
1978-10-31,0.0032,-0.001,-0.0005,0.0019,-0.0016
1978-11-30,0.0412,0.0063,-0.0167,0.0134,-0.011899999999999999
1978-12-31,0.015700000000000002,0.0009,-0.006999999999999999,0.0054,-0.0029
1979-01-31,0.0058,-0.0012,0.0044,-0.004,0.005
1979-02-28,0.0004,-0.0017000000000000001,-0.0003,-0.0004,0.001
1979-03-31,0.0067,-0.0005,0.0002,-0.0005,0.0012
1979-04-30,-0.0068000000000000005,0.0028000000000000004,0.0014000000000000002,0.0014000000000000002,0.001
1979-05-31,-0.0002,0.0007000000000000001,0.0009,0.0008,-0.0009
1979-06-30,0.001,0.0016,-0.0012,-0.0002,-0.001
1979-07-31,-0.0091,-0.0004,0.0048,-0.0026,0.0036
1979-08-31,0.0034999999999999996,0.0024,-0.0016,0.0033,0.0006
1979-09-30,-0.0161,0.0015,0.0034999999999999996,-0.0028000000000000004,0.002
1979-10-31,-0.0058,0.0032,-0.0019,-0.0023,-0.001
1979-11-30,0.0079,-0.0014000000000000002,-0.0019,0.0015,-0.0008
1979-12-31,-0.003,0.0014000000000000002,0.0019,-0.001,0.0014000000000000002
1980-01-31,-0.020499999999999997,0.0019,0.0108,-0.010700000000000001,0.008
1980-02-29,0.0066,-0.003,0.0014000000000000002,0.0023,0.003
1980-03-31,-0.009399999999999999,0.0023,0.0001,-0.0029,-0.0005
1980-04-30,0.0032,0.0086,-0.0012,-0.0024,-0.005600000000000001
1980-05-31,-0.0066,0.0033,0.003,0.0029,0.0001
1980-06-30,-0.0025,0.0028000000000000004,0.0003,0.0005,-0.0011
1980-07-31,0.0055000000000000005,-0.0015,-0.0069,0.0034000000000000002,-0.0024
1980-08-31,-0.0018,0.0086,-0.0031,0.0014000000000000002,0.0013
1980-09-30,0.009899999999999999,-0.0021,-0.0003,0.001,-0.0012
1980-10-31,0.0131,-0.0046,-0.015700000000000002,0.0109,-0.0128
1980-11-30,0.011000000000000001,-0.005600000000000001,-0.0079,0.0059,-0.0042
1980-12-31,-0.022099999999999998,0.009300000000000001,0.0034999999999999996,-0.0003,0.0036
1981-01-31,0.005600000000000001,0.0034000000000000002,0.0062,-0.0049,0.0023
1981-02-28,-0.0225,-0.0017000000000000001,0.0178,-0.003,0.0105
1981-03-31,0.006,-0.0002,-0.0043,0.0002,-0.0046
1981-04-30,0.0049,0.002,0.0,0.0009,0.0006
1981-05-31,-0.0017000000000000001,-0.0002,-0.0029,0.0009,-0.0018
1981-06-30,-0.0023,0.0032,0.0036,-0.0001,0.0044
1981-07-31,-0.0098,0.0024,0.0001,-0.0009,-0.0001
1981-08-31,-0.0034000000000000002,-0.0017000000000000001,0.001,0.0031,-0.0013
1981-09-30,0.0013,-0.0053,-0.0011,0.0016,-0.0001
1981-10-31,0.0066,-0.0003,-0.0083,0.0042,-0.0048
1981-11-30,0.0189,-0.006500000000000001,-0.013600000000000001,0.0059,-0.0079
1981-12-31,-0.0023,0.001,0.001,-0.0013,0.0054
1982-01-31,0.0016,-0.0004,0.0058,-0.0053,0.0031
1982-02-28,-0.0179,0.0095,0.008,-0.0027,0.0079
1982-03-31,0.0024,-0.0009,0.0031,-0.0040999999999999995,0.0048
1982-04-30,0.0137,-0.005,-0.01,0.002,-0.0029
1982-05-31,0.0027,-0.0031,0.0005,-0.0007000000000000001,-0.0008
1982-06-30,-0.0039000000000000003,-0.0022,-0.0015,0.0012,-0.0049
1982-07-31,-0.0079,0.0034999999999999996,0.0054,-0.0019,0.0043
1982-08-31,0.015600000000000001,-0.0104,-0.0013,-0.0007000000000000001,0.0002
1982-09-30,-0.0088,0.0053,0.0052,-0.0004,0.0052
1982-10-31,0.011000000000000001,-0.0060999999999999995,0.0001,-0.0027,0.0011
1982-11-30,0.0115,-0.0052,-0.003,0.0003,-0.0014000000000000002
1982-12-31,0.0034000000000000002,0.0095,-0.0063,0.0045000000000000005,0.0003
1983-01-31,-0.014499999999999999,0.0085,0.009899999999999999,-0.0019,0.0028000000000000004
1983-02-28,-0.0115,0.0096,0.006500000000000001,-0.0031,0.0040999999999999995
1983-03-31,0.0154,-0.0116,0.0054,-0.0029,0.0049
1983-04-30,-0.0007000000000000001,-0.0046,0.0029,0.0045000000000000005,0.0001
1983-05-31,-0.0125,0.0068000000000000005,0.0028000000000000004,0.0,0.0021
1983-06-30,0.0001,-0.0028000000000000004,-0.003,0.0024,0.0018
1983-07-31,0.005600000000000001,0.0024,-0.0013,0.0003,-0.0014000000000000002
1983-08-31,-0.0052,-0.0073,0.0028000000000000004,0.0021,0.0003
1983-09-30,-0.0001,0.0032,-0.0017000000000000001,0.0,-0.0025
1983-10-31,-0.0029,-0.0040999999999999995,0.0021,0.0014000000000000002,0.0003
1983-11-30,-0.0003,-0.0062,0.0006,0.0036,-0.0011
1983-12-31,0.0003,-0.0003,0.0026,0.0008,0.0024
1984-01-31,-0.004699999999999999,0.0051,0.0009,-0.0003,-0.001
1984-02-29,-0.0049,-0.0013,0.0025,0.0023,0.0003
1984-03-31,0.0066,-0.0025,0.0001,-0.0005,-0.0021
1984-04-30,-0.0068000000000000005,0.0036,0.0038,0.0017000000000000001,0.0001
1984-05-31,0.0101,-0.0044,-0.0033,-0.0006,-0.0034999999999999996
1984-06-30,0.0165,-0.006,-0.0055000000000000005,-0.0019,0.0005
1984-07-31,-0.0016,-0.0024,0.0036,0.0025,0.0001
1984-08-31,0.0202,-0.0074,-0.0077,-0.0017000000000000001,-0.0063
1984-09-30,-0.009000000000000001,0.0034999999999999996,0.0040999999999999995,0.0014000000000000002,0.0031
1984-10-31,-0.0084,0.0009,0.0074,0.0017000000000000001,0.0053
1984-11-30,0.0068000000000000005,-0.004699999999999999,0.0024,0.0006,0.0014000000000000002
1984-12-31,-0.0048,-0.0003,0.0034999999999999996,0.0031,0.0018
1985-01-31,-0.009300000000000001,0.0073,0.0026,-0.0011,0.0024
1985-02-28,-0.0045000000000000005,0.0028000000000000004,0.0037,-0.0007000000000000001,0.0042
1985-03-31,0.0104,-0.0022,-0.0034000000000000002,0.0025,0.0014000000000000002
1985-04-30,0.0028000000000000004,-0.0019,0.0,0.0009,-0.0031
1985-05-31,-0.0067,0.0045000000000000005,0.0055000000000000005,0.0006,-0.0004
1985-06-30,0.0005,0.0008,-0.0017000000000000001,0.002,-0.0033
1985-07-31,0.0027,-0.0004,-0.0012,0.0019,-0.0023
1985-08-31,0.0069,-0.0006,-0.0044,-0.0008,-0.0018
1985-09-30,-0.0043,-0.0015,0.0008,0.0034999999999999996,-0.0016
1985-10-31,0.013600000000000001,-0.0087,0.0002,0.0032,-0.0002
1985-11-30,0.0073,-0.0032,-0.0022,0.0006,0.0007000000000000001
1985-12-31,-0.0075,0.005699999999999999,-0.0001,-0.0003,-0.0012
1986-01-31,-0.0063,0.0088,0.0039000000000000003,-0.0040999999999999995,0.0033
1986-02-28,0.009300000000000001,-0.0054,-0.006,0.004,-0.0023
1986-03-31,-0.0039000000000000003,0.0066,0.0,0.0003,0.0019
1986-04-30,-0.0121,0.009300000000000001,0.0034000000000000002,0.0072,0.0013
1986-05-31,-0.002,-0.0023,0.0028000000000000004,0.0,0.0011
1986-06-30,-0.0075,0.005600000000000001,0.0005,0.0042,-0.0021
1986-07-31,0.004699999999999999,0.0001,-0.0058,0.0043,-0.0029
1986-08-31,-0.0043,0.0032,0.0040999999999999995,-0.0002,0.001
1986-09-30,-0.0141,0.0086,0.0075,-0.0002,0.0053
1986-10-31,0.0083,-0.0042,-0.0012,-0.0024,0.0006
1986-11-30,0.006,-0.0069,-0.0011,0.0007000000000000001,-0.0014000000000000002
1986-12-31,-0.0016,-0.0049,-0.001,-0.0001,-0.0011
1987-01-31,0.0179,-0.0026,-0.0002,-0.0016,0.0018
1987-02-28,0.0097,0.0027,-0.0036,0.0002,-0.003
1987-03-31,-0.0022,0.0025,0.0029,0.0005,-0.0029
1987-04-30,0.0008,-0.0066,-0.0009,0.0019,0.0034999999999999996
1987-05-31,-0.0013,0.0007000000000000001,0.0022,0.0011,-0.0001
1987-06-30,-0.0004,-0.0006,0.0026,0.0027,-0.0015
1987-07-31,-0.0024,0.0012,0.0016,-0.0033,0.0031
1987-08-31,-0.0038,0.0005,0.0063,-0.0025,0.0092
1987-09-30,-0.0159,0.0104,-0.0006,-0.0007000000000000001,-0.0009
1987-10-31,0.0143,-0.0115,-0.0002,0.0023,-0.0002
1987-11-30,0.0126,0.0019,0.0,-0.0051,0.0029
1987-12-31,0.0051,-0.0088,0.0049,0.0028000000000000004,0.0031
1988-01-31,0.0334,-0.0089,0.0001,-0.0034000000000000002,0.0017000000000000001
1988-02-29,-0.003,0.008199999999999999,0.0016,0.003,-0.0029
1988-03-31,-0.0015,0.0026,-0.0006,0.002,-0.0015
1988-04-30,-0.009300000000000001,0.0004,0.003,0.0005,0.0009
1988-05-31,0.0002,-0.001,-0.003,0.0026,-0.0026
1988-06-30,0.0166,-0.0069,-0.0039000000000000003,0.0040999999999999995,-0.0042
1988-07-31,-0.0039000000000000003,0.0042,0.0006,-0.0021,0.0009
1988-08-31,0.0019,0.0013,0.0005,-0.0006,-0.0021
1988-09-30,-0.011000000000000001,0.0031,0.004,0.0,0.0026
1988-10-31,-0.0032,-0.0059,0.0003,0.0016,-0.0012
1988-11-30,0.0005,-0.0016,0.0016,-0.0007000000000000001,0.0031
1988-12-31,-0.0019,0.0052,-0.0016,-0.0011,-0.0034000000000000002
1989-01-31,-0.008199999999999999,0.0058,0.0029,-0.0007000000000000001,0.0015
1989-02-28,-0.0001,0.0043,-0.0042,0.0006,-0.0021
1989-03-31,-0.0037,0.0048,0.0013,0.0,0.001
1989-04-30,0.0045000000000000005,-0.0025,-0.0012,0.0009,-0.0004
1989-05-31,-0.0015,0.0007000000000000001,-0.0009,-0.0016,-0.0002
1989-06-30,0.0045000000000000005,0.0,0.0,-0.0008,-0.0003
1989-07-31,0.0033,-0.0026,-0.0009,0.0024,-0.0003
1989-08-31,-0.005,0.0029,0.0043,-0.0008,-0.0013
1989-09-30,0.0059,-0.0033,-0.0003,0.0007000000000000001,0.0003
1989-10-31,0.0045000000000000005,-0.0013,0.0002,-0.0011,-0.003
1989-11-30,0.0029,-0.0009,0.0021,0.0007000000000000001,-0.0006
1989-12-31,0.0106,-0.009000000000000001,0.0002,0.0021,0.0011
1990-01-31,0.0144,-0.0067,-0.0007000000000000001,0.0019,-0.0044
1990-02-28,0.0008,0.005699999999999999,0.0001,-0.0024,0.0
1990-03-31,0.0026,-0.0005,-0.0013,0.0009,-0.003
1990-04-30,-0.0042,-0.0040999999999999995,-0.0006,0.0037,0.0004
1990-05-31,0.0042,-0.0023,-0.0011,-0.0002,-0.0014000000000000002
1990-06-30,0.0053,-0.0007000000000000001,0.0012,0.0006,-0.0028000000000000004
1990-07-31,0.003,-0.0038,-0.0013,0.004,-0.001
1990-08-31,-0.002,-0.0031,-0.0006,0.0,0.0038
1990-09-30,0.0009,-0.0034999999999999996,-0.0028000000000000004,0.0008,-0.0001
1990-10-31,0.0274,-0.015,-0.0123,0.0134,-0.0158
1990-11-30,0.0079,-0.006999999999999999,0.0012,-0.002,0.003
1990-12-31,0.0068000000000000005,-0.0019,-0.0026,0.0055000000000000005,-0.0053
1991-01-31,-0.0095,0.0059,0.008199999999999999,-0.005699999999999999,0.0009
1991-02-28,-0.0003,0.010700000000000001,0.0032,-0.0022,-0.0008
1991-03-31,0.0086,-0.0015,-0.0016,0.0008,-0.0034000000000000002
1991-04-30,-0.0085,0.0064,-0.0016,0.0005,-0.001
1991-05-31,0.0121,-0.0049,0.0006,0.0008,-0.002
1991-06-30,-0.0029,0.0046,0.0043,-0.0013,0.001
1991-07-31,0.016200000000000003,-0.0111,-0.0039000000000000003,0.0038,-0.0053
1991-08-31,-0.0012,0.0024,-0.0017000000000000001,0.0,-0.0037
1991-09-30,-0.008,0.0008,0.0012,-0.0019,0.0019
1991-10-31,0.0027,-0.001,-0.0060999999999999995,0.0024,-0.0027
1991-11-30,-0.0031,0.0015,-0.0029,0.0014000000000000002,0.0051
1991-12-31,0.0138,-0.0131,-0.0064,0.005699999999999999,-0.0052
1992-01-31,-0.001,0.0004,0.005600000000000001,-0.0018,0.0025
1992-02-29,0.0025,0.0009,0.0036,0.0014000000000000002,-0.0008
1992-03-31,0.0009,0.0024,0.0031,-0.0023,0.0006
1992-04-30,0.0002,-0.005699999999999999,-0.0026,0.0039000000000000003,-0.003
1992-05-31,-0.0045000000000000005,0.006,-0.001,-0.0006,-0.0002
1992-06-30,0.0045000000000000005,-0.0016,0.0,0.0028000000000000004,-0.0015
1992-07-31,0.0105,-0.0034000000000000002,-0.0052,0.0042,-0.0019
1992-08-31,0.0024,0.0007000000000000001,-0.0038,0.0031,-0.0016
1992-09-30,0.0045000000000000005,-0.0018,-0.004,0.0033,-0.0023
1992-10-31,-0.0044,-0.0038,0.0022,0.0015,0.0004
1992-11-30,0.0079,-0.0034999999999999996,-0.0008,-0.0007000000000000001,-0.0026
1992-12-31,-0.0006,0.0012,0.0009,0.0,0.0021
1993-01-31,-0.003,-0.0038,0.005699999999999999,-0.005600000000000001,0.0052
1993-02-28,0.0084,-0.0055000000000000005,0.0024,0.0,0.001
1993-03-31,-0.0014000000000000002,0.002,0.0005,-0.0005,-0.0005
1993-04-30,-0.0037,0.0013,0.0031,0.0004,0.0015
1993-05-31,0.005600000000000001,-0.0014000000000000002,-0.0054,-0.0002,-0.0031
1993-06-30,0.0075,-0.005,0.0017000000000000001,-0.004699999999999999,0.0026
1993-07-31,-0.0022,0.0051,0.0055000000000000005,-0.0039000000000000003,0.0033
1993-08-31,0.004,-0.0018,-0.0017000000000000001,-0.0005,-0.0019
1993-09-30,0.0003,0.0027,-0.001,0.0002,-0.0013
1993-10-31,0.0033,-0.0039000000000000003,0.0027,-0.001,0.0052
1993-11-30,0.0028000000000000004,-0.0018,-0.0033,0.0,-0.0023
1993-12-31,0.0032,0.0058,-0.0026,-0.0009,-0.0044
1994-01-31,-0.0045000000000000005,-0.0021,0.0039000000000000003,-0.0018,0.006
1994-02-28,-0.0028000000000000004,0.0033,-0.0017000000000000001,0.0005,-0.0001
1994-03-31,-0.0052,-0.0003,0.001,0.0003,0.0007000000000000001
1994-04-30,-0.0158,-0.0013,0.0,0.0011,0.0016
1994-05-31,0.005,0.0004,-0.0054,0.0029,-0.0039000000000000003
1994-06-30,0.0027,-0.0009,0.0027,-0.002,-0.0017000000000000001
1994-07-31,0.0042,-0.003,0.0031,-0.0005,-0.0033
1994-08-31,0.0053,-0.0034999999999999996,0.001,0.0014000000000000002,0.002
1994-09-30,-0.0049,0.001,0.0004,0.0006,0.0034000000000000002
1994-10-31,-0.0027,-0.0031,0.0002,-0.0027,0.0005
1994-11-30,-0.0077,0.0028000000000000004,-0.0036,0.0019,-0.0053
1994-12-31,-0.0104,0.0009,0.0015,-0.0005,0.0024
1995-01-31,-0.0026,-0.009000000000000001,0.009399999999999999,-0.0034999999999999996,0.006
1995-02-28,0.0015,-0.0002,0.0,-0.0039000000000000003,-0.002
1995-03-31,-0.0031,0.0019,-0.0023,0.0004,-0.0034000000000000002
1995-04-30,0.0014000000000000002,-0.0009,-0.0006,0.004699999999999999,-0.0022
1995-05-31,-0.0013,0.0001,0.002,-0.0021,0.005
1995-06-30,0.0015,0.0024,0.0031,0.0001,-0.0019
1995-07-31,0.0033,-0.003,-0.0032,0.0016,0.0017000000000000001
1995-08-31,-0.0051,0.0011,0.0025,-0.0014000000000000002,0.0059
1995-09-30,0.0027,-0.0008,0.0025,-0.0017000000000000001,0.0023
1995-10-31,-0.0063,-0.0049,0.0062,0.0011,0.0054
1995-11-30,0.0051,-0.003,0.0042,-0.0019,-0.0018
1995-12-31,0.0013,0.003,0.0005,-0.001,0.0058
1996-01-31,0.0059,-0.0037,-0.0021,0.0004,-0.0001
1996-02-29,0.0043,0.0015,-0.0063,0.0,-0.0031
1996-03-31,0.0025,-0.004699999999999999,0.0055000000000000005,0.0028000000000000004,0.0051
1996-04-30,0.0104,-0.0066,-0.0024,0.0060999999999999995,0.0009
1996-05-31,0.0022,0.0052,-0.0003,-0.0025,0.0016
1996-06-30,-0.0025,0.0012,0.0002,0.002,-0.0014000000000000002
1996-07-31,0.0075,-0.0031,-0.0004,-0.0007000000000000001,-0.0034999999999999996
1996-08-31,0.015700000000000002,-0.0067,-0.0042,0.0001,-0.0044
1996-09-30,0.0015,-0.004,0.0,0.0021,0.0021
1996-10-31,0.0002,-0.0052,0.0066,0.0009,0.0051
1996-11-30,-0.0018,-0.0026,0.0022,0.0012,-0.001
1996-12-31,0.0006,0.0014000000000000002,-0.0016,-0.0005,-0.0005
1997-01-31,-0.0075,0.0013,-0.0009,0.0019,0.0051
1997-02-28,-0.0002,0.0009,0.0042,0.0023,0.0029
1997-03-31,0.0039000000000000003,-0.0045000000000000005,0.0019,0.0033,-0.0003
1997-04-30,0.0017000000000000001,-0.0086,0.0048,0.003,0.001
1997-05-31,-0.001,0.0101,-0.0029,-0.0023,-0.005699999999999999
1997-06-30,-0.0005,0.0088,-0.002,-0.0024,-0.0024
1997-07-31,0.0055000000000000005,-0.0096,0.0053,-0.0021,0.0034999999999999996
1997-08-31,-0.005699999999999999,0.006,0.0014000000000000002,-0.0005,0.0004
1997-09-30,0.024399999999999998,-0.013500000000000002,-0.0063,0.004,-0.0026
1997-10-31,0.0062,-0.0051,0.0022,0.0008,0.0024
1997-11-30,0.0231,-0.008,-0.0042,0.0021,-0.0027
1997-12-31,0.0179,-0.0116,-0.0001,0.0007000000000000001,0.0009
1998-01-31,0.0022,-0.0011,-0.004699999999999999,0.0021,-0.0014000000000000002
1998-02-28,0.019299999999999998,-0.012,-0.0089,0.0040999999999999995,-0.0053
1998-03-31,-0.0016,0.0016,0.005600000000000001,-0.002,0.0031
1998-04-30,0.006,0.0021,-0.006,-0.0021,-0.0022
1998-05-31,0.006,-0.0045000000000000005,0.0028000000000000004,-0.0002,-0.0007000000000000001
1998-06-30,-0.0033,-0.0111,0.0113,0.0052,0.0095
1998-07-31,0.011200000000000002,-0.006999999999999999,-0.0017000000000000001,-0.0019,-0.0001
1998-08-31,-0.0087,-0.008,0.009000000000000001,0.0023,0.004
1998-09-30,0.0356,-0.0095,-0.0202,-0.0015,-0.0073
1998-10-31,-0.0329,-0.0019,0.0143,0.0076,0.0216
1998-11-30,0.013999999999999999,0.0073,-0.0064,-0.0006,-0.0037
1998-12-31,0.0086,-0.0078000000000000005,-0.001,0.005,-0.0097
1999-01-31,-0.0019,0.0013,0.0040999999999999995,-0.0018,-0.0044
1999-02-28,-0.0039000000000000003,-0.0002,-0.0016,-0.0015,-0.0040999999999999995
1999-03-31,-0.0001,0.0025,0.001,-0.0029,-0.003
1999-04-30,0.0054,-0.0036,0.0038,-0.0052,-0.002
1999-05-31,0.011000000000000001,-0.0096,0.0033,0.0086,0.0070999999999999995
1999-06-30,-0.008,0.0060999999999999995,0.0069,0.0074,0.0102
1999-07-31,0.0055000000000000005,-0.008199999999999999,-0.0034000000000000002,-0.002,0.005699999999999999
1999-08-31,-0.0027,-0.0027,0.0037,0.0039000000000000003,0.0054
1999-09-30,0.0076,-0.0016,-0.001,0.0022,0.0028000000000000004
1999-10-31,-0.0016,-0.0031,-0.0015,0.0017000000000000001,0.0034999999999999996
1999-11-30,-0.0038,0.0113,-0.001,-0.0007000000000000001,-0.0025
1999-12-31,0.0049,-0.0029,-0.003,0.0008,-0.0029
2000-01-31,-0.0070999999999999995,-0.0006,-0.0141,-0.015,-0.0064
2000-02-29,0.0129,-0.0007000000000000001,-0.0009,-0.0039000000000000003,-0.0113
2000-03-31,0.0139,0.0085,-0.0037,-0.0134,-0.0014000000000000002
2000-04-30,-0.0167,-0.0325,0.017,0.0451,0.021099999999999997
2000-05-31,0.013999999999999999,0.0127,-0.0104,-0.0091,-0.0042
2000-06-30,0.025,0.0037,-0.0138,-0.0202,-0.0091
2000-07-31,0.0091,-0.0029,0.0077,0.0001,0.0023
2000-08-31,0.0016,-0.0092,0.0147,0.0105,0.0192
2000-09-30,0.0038,0.0014000000000000002,-0.0036,-0.0053,-0.0013
2000-10-31,-0.006999999999999999,-0.0109,0.0141,0.019299999999999998,0.0063
2000-11-30,-0.0048,-0.0012,0.0058,-0.0029,0.0016
2000-12-31,0.0051,0.0138,-0.0058,-0.020099999999999996,-0.0043
2001-01-31,-0.0352,0.0038,0.0167,0.0158,0.0158
2001-02-28,0.0039000000000000003,-0.0015,0.005600000000000001,0.009000000000000001,0.0008
2001-03-31,0.0002,-0.0040999999999999995,-0.0006,-0.0013,-0.0054
2001-04-30,-0.016,-0.011899999999999999,0.015700000000000002,0.0151,0.0034999999999999996
2001-05-31,0.0137,-0.0018,-0.0088,-0.0017000000000000001,-0.0078000000000000005
2001-06-30,0.0054,0.005,-0.0058,-0.0008,-0.0002
2001-07-31,0.005600000000000001,-0.0319,0.013600000000000001,0.01,0.0062
2001-08-31,0.0048,0.0026,0.0005,-0.008199999999999999,-0.0101
2001-09-30,-0.0012,-0.0018,0.0055000000000000005,0.010700000000000001,0.0042
2001-10-31,-0.0045000000000000005,-0.011699999999999999,-0.0018,0.008,-0.0006
2001-11-30,0.021,-0.0076,-0.0063,0.0029,-0.0021
2001-12-31,-0.0086,0.0005,0.0026,0.0068000000000000005,0.0055000000000000005
2002-01-31,0.0042,-0.0072,0.0017000000000000001,-0.0026,-0.004
2002-02-28,-0.0070999999999999995,0.0022,-0.0029,0.0015,0.0015
2002-03-31,0.0222,-0.0060999999999999995,-0.0032,-0.0048,-0.0089
2002-04-30,-0.0012,-0.0022,-0.0007000000000000001,-0.0042,-0.0032
2002-05-31,0.0074,-0.008100000000000001,0.0075,0.0067,0.0027
2002-06-30,-0.024300000000000002,-0.0042,0.012,0.0017000000000000001,0.0086
2002-07-31,-0.0232,-0.0040999999999999995,0.0018,0.0191,0.003
2002-08-31,-0.0268,0.018500000000000003,0.0102,0.005600000000000001,-0.0028000000000000004
2002-09-30,-0.0395,0.011399999999999999,0.0064,0.0053,-0.0013
2002-10-31,0.0356,-0.0218,-0.0040999999999999995,0.003,0.006
2002-11-30,0.0173,0.0067,-0.0032,-0.0095,0.0076
2002-12-31,-0.001,0.006999999999999999,-0.0011,-0.0006,0.0005
2003-01-31,0.031400000000000004,-0.0089,-0.0034999999999999996,-0.0063,0.0049
2003-02-28,0.0037,-0.0079,-0.0019,0.0048,0.0001
2003-03-31,-0.0067,0.0022,0.0049,0.0011,0.0004
2003-04-30,0.011200000000000002,-0.0021,0.0032,0.0012,-0.0018
2003-05-31,-0.0003,0.0025,-0.0023,-0.0054,-0.0004
2003-06-30,0.0039000000000000003,-0.0014000000000000002,0.0068000000000000005,0.0,-0.0018
2003-07-31,0.0073,-0.0044,-0.0006,0.0004,-0.0004
2003-08-31,-0.0106,-0.0052,-0.0012,-0.0004,0.0017000000000000001
2003-09-30,0.013999999999999999,0.0052,-0.0008,0.0017000000000000001,0.0009
2003-10-31,0.0216,0.0039000000000000003,0.0017000000000000001,0.0028000000000000004,-0.0051
2003-11-30,0.009300000000000001,0.006999999999999999,0.0045000000000000005,-0.005699999999999999,0.0037
2003-12-31,0.0111,0.0033,-0.0004,-0.0009,0.0014000000000000002
2004-01-31,-0.0017000000000000001,0.0079,0.0043,-0.0058,0.0063
2004-02-29,0.0027,-0.0034999999999999996,-0.0014000000000000002,0.0023,-0.0028000000000000004
2004-03-31,0.0102,0.005,0.003,0.0003,0.0032
2004-04-30,0.0064,0.0019,0.0004,-0.0045000000000000005,0.0014000000000000002
2004-05-31,0.0085,0.0004,-0.0034999999999999996,0.0033,-0.0006
2004-06-30,0.0014000000000000002,0.0069,-0.0007000000000000001,-0.0001,-0.0006
2004-07-31,-0.0106,-0.0039000000000000003,0.0054,0.0076,-0.0068000000000000005
2004-08-31,0.0036,-0.0039000000000000003,0.002,0.0032,0.0006
2004-09-30,0.003,0.0054,-0.0039000000000000003,0.0002,-0.0007000000000000001
2004-10-31,0.0148,0.0045000000000000005,-0.0011,-0.006500000000000001,0.004699999999999999
2004-11-30,0.0006,0.0043,-0.0006,0.0002,-0.0022
2004-12-31,0.0148,-0.0005,-0.0075,-0.0034000000000000002,-0.0008
2005-01-31,-0.0097,-0.0063,-0.0007000000000000001,0.0037,-0.0008
2005-02-28,0.0069,0.0,0.0022,0.005600000000000001,-0.0016
2005-03-31,0.0058,0.0005,0.0016,-0.0021,0.0040999999999999995
2005-04-30,-0.0064,0.0011,0.0040999999999999995,0.0036,-0.0003
2005-05-31,0.0052,0.0054,0.0006,0.0034999999999999996,-0.0042
2005-06-30,0.009000000000000001,0.0019,0.0004,0.0012,-0.0011
2005-07-31,0.0032,0.0019,0.0034000000000000002,0.0038,-0.0009
2005-08-31,0.0015,0.0027,-0.0013,-0.0013,-0.0017000000000000001
2005-09-30,0.0013,0.0011,0.0026,0.0040999999999999995,-0.0017000000000000001
2005-10-31,0.0,0.0045000000000000005,0.0003,-0.0014000000000000002,-0.0005
2005-11-30,-0.0027,-0.0017000000000000001,0.0029,-0.0014000000000000002,-0.0038
2005-12-31,0.0127,0.0055000000000000005,0.0005,0.0002,0.001
2006-01-31,0.015,-0.0015,0.0016,0.0018,-0.0032
2006-02-28,0.0014000000000000002,0.0009,0.0003,-0.0037,0.0043
2006-03-31,0.009000000000000001,0.0060999999999999995,-0.0001,-0.0034000000000000002,0.0037
2006-04-30,0.0007000000000000001,-0.0083,0.0066,0.0023,0.0021
2006-05-31,-0.0040999999999999995,0.0001,0.0034999999999999996,0.0005,0.0014000000000000002
2006-06-30,0.0129,0.0076,-0.0016,-0.0028000000000000004,0.0019
2006-07-31,0.0072,-0.0003,-0.0022,0.0028000000000000004,-0.0005
2006-08-31,-0.006,-0.0092,0.004,0.0024,-0.0012
2006-09-30,0.0049,-0.0028000000000000004,-0.001,0.0026,-0.0003
2006-10-31,-0.0043,-0.0054,0.002,-0.0013,0.0037
2006-11-30,-0.0087,-0.0098,0.003,0.0027,0.005
2006-12-31,-0.003,-0.003,0.0012,0.0012,-0.0003
2007-01-31,-0.0004,-0.0004,0.0018,-0.0024,0.0084
2007-02-28,0.0059,0.0036,-0.0021,0.0023,-0.0014000000000000002
2007-03-31,-0.0025,-0.0005,0.0015,0.0018,0.0007000000000000001
2007-04-30,0.0022,0.0005,-0.0022,0.0005,0.0001
2007-05-31,0.0022,-0.0011,-0.0003,0.0031,0.0023
2007-06-30,0.0044,0.0033,0.0009,0.0017000000000000001,-0.0013
2007-07-31,0.0106,-0.0002,0.0011,0.0004,0.0017000000000000001
2007-08-31,0.0051,-0.0054,-0.003,0.003,0.0017000000000000001
2007-09-30,0.0103,-0.0019,0.0,-0.0027,-0.0034999999999999996
2007-10-31,0.0137,0.008100000000000001,0.0007000000000000001,-0.0012,0.0025
2007-11-30,-0.026600000000000002,-0.0104,-0.0045000000000000005,-0.0016,0.0009
2007-12-31,-0.006,-0.0055000000000000005,0.0022,-0.0008,-0.0027
2008-01-31,-0.0146,-0.001,-0.0013,0.0022,-0.0034000000000000002
2008-02-29,0.0148,0.0074,0.0006,-0.0069,-0.0044
2008-03-31,-0.0004,-0.0024,-0.004,0.0086,0.0034000000000000002
2008-04-30,0.0337,-0.0059,0.0011,-0.0009,-0.0024
2008-05-31,0.0166,0.0008,0.0034999999999999996,-0.009300000000000001,0.0045000000000000005
2008-06-30,-0.0098,0.0019,0.0017000000000000001,0.0059,-0.0006
2008-07-31,0.0029,-0.0038,0.0031,0.0017000000000000001,-0.004699999999999999
2008-08-31,-0.004699999999999999,0.0077,0.009300000000000001,-0.0039000000000000003,-0.0045000000000000005
2008-09-30,-0.0044,0.0062,0.0192,-0.0006,0.0077
2008-10-31,-0.004699999999999999,-0.0062,0.0304,-0.0129,0.0017000000000000001
2008-11-30,-0.0005,0.0026,0.0053,-0.0067,0.0044
2008-12-31,-0.0895,-0.016,-0.038,0.0108,0.0042
2009-01-31,0.0311,-0.013500000000000002,-0.0044,-0.0018,-0.0008
2009-02-28,0.0006,0.011699999999999999,-0.0038,-0.0013,0.0027
2009-03-31,-0.0475,-0.0051,-0.0036,0.0024,0.0079
2009-04-30,0.0165,-0.0019,0.016399999999999998,-0.0004,0.006500000000000001
2009-05-31,0.0045000000000000005,-0.0055000000000000005,-0.0022,0.0029,-0.0001
2009-06-30,0.027200000000000002,0.0141,-0.008,0.0064,-0.0017000000000000001
2009-07-31,0.0054,0.0141,0.0019,0.0051,0.0054
2009-08-31,0.0163,0.0025,0.0165,-0.0004,0.0006
2009-09-30,-0.0215,-0.0016,-0.0206,0.0108,-0.0045000000000000005
2009-10-31,-0.0263,-0.0078000000000000005,-0.0139,0.0076,-0.0023
2009-11-30,0.0054,-0.0076,-0.0032,0.0034000000000000002,-0.0006
2009-12-31,0.0128,0.0054,-0.003,0.0026,0.0015
2010-01-31,0.0169,0.0079,0.011200000000000002,-0.0017000000000000001,0.0021
2010-02-28,0.0139,-0.0014000000000000002,0.0088,-0.0015,0.0070999999999999995
2010-03-31,0.012,0.0121,0.0004,0.0009,0.0051
2010-04-30,0.0075,0.0007000000000000001,0.0079,0.0013,0.0038
2010-05-31,0.013600000000000001,0.0076,0.006,-0.002,0.0040999999999999995
2010-06-30,-0.0189,-0.0128,-0.016399999999999998,0.0008,-0.0028000000000000004
2010-07-31,-0.004,-0.0036,-0.0043,0.0049,0.0013
2010-08-31,0.0209,-0.0053,0.0013,-0.003,0.0038
2010-09-30,0.0305,0.0070999999999999995,0.004699999999999999,-0.0029,0.0039000000000000003
2010-10-31,0.0043,0.0003,0.0021,0.0011,0.0027
2010-11-30,-0.0001,-0.006500000000000001,-0.0021,0.0029,0.0001
2010-12-31,0.0212,-0.001,0.0,-0.0039000000000000003,0.0037
2011-01-31,0.0118,0.005600000000000001,0.0077,-0.0042,0.0017000000000000001
2011-02-28,0.0175,0.0054,0.0052,-0.0033,0.0019
2011-03-31,-0.0158,-0.0029,-0.0005,0.004,-0.0045000000000000005
2011-04-30,0.0052,-0.0009,0.0021,0.0014000000000000002,0.0006
2011-05-31,-0.0028000000000000004,-0.0089,-0.002,0.0048,-0.0032
2011-06-30,-0.0233,-0.0073,-0.0028000000000000004,0.006,-0.0066
2011-07-31,0.014499999999999999,-0.0001,0.0015,0.0004,0.0014000000000000002
2011-08-31,-0.004,-0.0013,0.0015,0.0002,-0.0007000000000000001
2011-09-30,-0.013300000000000001,-0.0109,-0.0078000000000000005,0.0060999999999999995,-0.0016
2011-10-31,-0.0318,-0.0199,-0.0060999999999999995,0.011699999999999999,0.0003
2011-11-30,-0.0286,-0.005600000000000001,-0.0116,0.01,-0.0001
2011-12-31,-0.0022,-0.0054,-0.0067,0.0034000000000000002,-0.0017000000000000001
2012-01-31,0.015,-0.0011,0.009300000000000001,-0.0074,-0.0017000000000000001
2012-02-29,0.011000000000000001,0.0108,0.0038,-0.0052,0.0029
2012-03-31,0.0064,-0.0016,0.0006,-0.0004,-0.0007000000000000001
2012-04-30,0.0077,0.0036,0.0007000000000000001,0.0014000000000000002,-0.0033
2012-05-31,0.0048,-0.0078000000000000005,0.0040999999999999995,-0.0006,0.0004
2012-06-30,-0.026000000000000002,-0.005699999999999999,0.0005,0.002,0.0005
2012-07-31,0.0033,0.0070999999999999995,-0.0006,-0.0023,0.0023
2012-08-31,-0.005,-0.0155,0.0036,0.0005,0.0018
2012-09-30,0.0008,0.009399999999999999,-0.0019,-0.0026,0.0006
2012-10-31,0.0026,0.0011,0.0022,0.0006,0.0015
2012-11-30,0.011899999999999999,0.0024,0.0014000000000000002,0.0025,0.0003
2012-12-31,-0.0046,0.0029,0.0024,-0.0004,0.0007000000000000001
2013-01-31,0.0262,0.0012,0.0038,-0.0064,0.0001
2013-02-28,0.009899999999999999,0.0008,0.0024,-0.0026,-0.0003
2013-03-31,0.0022,0.0013,-0.003,-0.0011,-0.0002
2013-04-30,-0.005699999999999999,-0.0089,0.0002,0.0014000000000000002,0.0022
2013-05-31,-0.0108,-0.014499999999999999,-0.0017000000000000001,-0.0003,-0.0009
2013-06-30,0.0048,0.0017000000000000001,0.0007000000000000001,0.0024,-0.0008
2013-07-31,0.0070999999999999995,0.006999999999999999,-0.0012,-0.0034999999999999996,-0.0001
2013-08-31,0.013999999999999999,0.0008,0.0009,-0.0018,-0.0015
2013-09-30,0.0046,0.0005,0.0017000000000000001,-0.0049,-0.0024
2013-10-31,0.009000000000000001,0.0038,-0.001,-0.0012,-0.0022
2013-11-30,0.002,-0.0063,0.0023,0.0024,0.0029
2013-12-31,-0.0031,-0.0092,0.0014000000000000002,0.0003,0.0004
2014-01-31,-0.0088,-0.0025,0.0018,-0.0031,0.0013
2014-02-28,-0.024900000000000002,-0.0085,0.0027,0.002,0.0005
2014-03-31,-0.006999999999999999,0.0009,0.0014000000000000002,0.0004,0.0011
2014-04-30,0.0087,0.006500000000000001,-0.0037,-0.0018,-0.0029
2014-05-31,0.0004,-0.0018,-0.0016,-0.005,-0.0015
2014-06-30,0.0006,-0.006500000000000001,0.0039000000000000003,0.0015,0.0016
2014-07-31,0.0074,0.0043,-0.0039000000000000003,0.0007000000000000001,-0.001
2014-08-31,-0.0032,-0.0023,-0.0005,0.0009,0.0016
2014-09-30,0.0006,0.0042,-0.0009,-0.0009,-0.002
2014-10-31,-0.0139,-0.0014000000000000002,0.003,0.002,-0.0007000000000000001
2014-11-30,-0.0001,-0.003,-0.0006,0.0005,0.0014000000000000002
2014-12-31,-0.0089,-0.0089,0.0062,0.001,0.0048
2015-01-31,-0.0012,-0.005699999999999999,0.0008,-0.0025,0.0012
2015-02-28,0.0124,-0.0038,0.01,0.0005,0.0013
2015-03-31,0.0062,0.0019,-0.0046,0.0006,0.0006
2015-04-30,-0.0038,0.0034000000000000002,0.0044,-0.0017000000000000001,0.0024
2015-05-31,0.0101,-0.0031,-0.006,0.0025,-0.001
2015-06-30,0.0017000000000000001,-0.0006,-0.0022,0.0024,-0.0034000000000000002
2015-07-31,0.0060999999999999995,-0.0076,-0.0003,0.0021,0.0008
2015-08-31,-0.0034000000000000002,-0.0033,-0.0021,0.0008,0.0005
2015-09-30,-0.0291,0.0023,-0.005,-0.0004,0.0007000000000000001
2015-10-31,0.0013,-0.0052,-0.0006,-0.0014000000000000002,-0.0015
2015-11-30,0.0125,0.009000000000000001,-0.0002,-0.0054,0.0004
2015-12-31,0.0097,-0.0063,0.0025,-0.0008,-0.0011
2016-01-31,-0.0159,-0.0076,0.0052,0.0034999999999999996,0.0042
2016-02-29,-0.0004,-0.003,-0.01,0.0006,-0.0034999999999999996
2016-03-31,0.023399999999999997,-0.006500000000000001,0.0039000000000000003,-0.0058,-0.0060999999999999995
2016-04-30,0.0064,-0.0032,-0.0062,-0.0039000000000000003,-0.001
2016-05-31,0.0079,0.0,-0.0038,0.0003,-0.001
2016-06-30,0.002,0.0063,-0.002,-0.0029,0.0002
2016-07-31,0.0024,0.004699999999999999,-0.0043,-0.0007000000000000001,0.0027
2016-08-31,-0.0016,0.0006,-0.009000000000000001,0.004699999999999999,-0.0074
2016-09-30,0.0003,0.0007000000000000001,-0.005,0.001,-0.0014000000000000002
2016-10-31,-0.0026,-0.0004,-0.0012,0.0002,0.0017000000000000001
2016-11-30,-0.0068000000000000005,-0.0038,0.002,-0.005,-0.0006
2016-12-31,-0.0036,-0.0039000000000000003,0.0203,0.0031,0.0062
2017-01-31,0.0083,-0.0011,0.0006,-0.0021,0.0026
2017-02-28,0.0003,-0.0008,0.0004,0.0022,-0.0022
2017-03-31,0.0147,0.0052,0.0077,-0.0054,0.0053
2017-04-30,-0.0028000000000000004,-0.0115,-0.0008,-0.0015,-0.0006
2017-05-31,0.0021,0.0025,-0.0013,-0.0017000000000000001,-0.005
2017-06-30,0.0095,0.0103,0.0004,-0.002,0.0005
2017-07-31,0.0024,0.0044,0.0121,-0.0053,0.0070999999999999995
2017-08-31,0.0024,-0.0013,0.0014000000000000002,0.0027,-0.005
2017-09-30,0.0027,0.0043,0.0040999999999999995,-0.0008,0.0034999999999999996
2017-10-31,0.005,0.0088,0.0013,-0.0021,0.0024
2017-11-30,0.0005,-0.008,0.0008,-0.0001,-0.0006
2017-12-31,-0.0022,-0.0032,0.0038,-0.0040999999999999995,0.0038
2018-01-31,0.0085,0.003,-0.0022,-0.005,0.0031
2018-02-28,0.0003,0.0012,0.0054,-0.0054,0.0001
2018-03-31,-0.011899999999999999,0.0096,-0.0002,-0.0024,0.0005
2018-04-30,-0.0229,-0.0009,0.0036,0.0017000000000000001,-0.0007000000000000001
2018-05-31,0.0024,0.0025,-0.0055000000000000005,-0.0004,-0.0096
2018-06-30,0.0106,-0.0021,-0.0011,-0.0006,-0.0017000000000000001
2018-07-31,0.0036,0.0045000000000000005,-0.0026,-0.0008,-0.0055000000000000005
2018-08-31,-0.0013,-0.0002,-0.0019,-0.0019,-0.008
2018-09-30,-0.0011,-0.0033,0.0001,-0.0005,-0.0015
2018-10-31,0.0016,-0.016200000000000003,0.0034000000000000002,-0.0011,0.0004
2018-11-30,0.0129,0.012199999999999999,-0.011399999999999999,-0.0025,-0.0049
2018-12-31,0.0113,-0.001,-0.008,-0.0024,-0.0055000000000000005
2019-01-31,0.0023,0.0074,0.011200000000000002,-0.0012,0.0027
2019-02-28,0.0014000000000000002,-0.0016,0.0043,-0.0074,0.003
2019-03-31,0.0072,0.0025,-0.004,-0.0036,-0.0018
2019-04-30,0.011899999999999999,-0.0019,0.009899999999999999,-0.0007000000000000001,-0.0032
2019-05-31,-0.0083,-0.0007000000000000001,-0.0003,0.0034000000000000002,-0.0006
2019-06-30,-0.004,0.0058,0.0166,0.0027,0.0139
2019-07-31,0.0075,-0.0059,-0.0013,-0.0014000000000000002,0.0005
2019-08-31,-0.0104,-0.0076,-0.0191,-0.0054,-0.003
2019-09-30,-0.0087,-0.009300000000000001,0.001,-0.002,0.0045000000000000005
2019-10-31,-0.0131,-0.0066,-0.0059,0.001,-0.0019
2019-11-30,0.0108,0.006500000000000001,0.0084,-0.0018,0.0014000000000000002
2019-12-31,-0.0087,-0.0013,0.0048,0.001,0.0019
2020-01-31,0.0086,-0.0097,-0.0033,0.0024,-0.0022
2020-02-29,0.0084,0.0036,-0.0067,-0.0069,-0.0042
2020-03-31,0.0431,-0.0191,-0.0043,-0.0053,0.0043
2020-04-30,-0.045,-0.0199,-0.0139,0.0021,0.0022
2020-05-31,-0.0291,-0.0089,-0.0096,-0.0036,0.0034999999999999996
2020-06-30,0.0052,0.0026,0.0042,-0.0001,-0.0014000000000000002
2020-07-31,0.0040999999999999995,-0.0171,-0.0256,-0.004,-0.0123
2020-08-31,0.0098,0.0109,-0.0084,-0.0027,0.0039000000000000003
2020-09-30,0.0092,0.0019,-0.0031,0.0062,0.0015
2020-10-31,0.0079,0.0079,-0.0055000000000000005,-0.0001,-0.0059
2020-11-30,0.011699999999999999,0.0087,0.009899999999999999,0.0040999999999999995,0.004
2020-12-31,0.0098,-0.001,0.0055000000000000005,0.0106,0.0049
2021-01-31,-0.0141,0.0024,0.0048,-0.0070999999999999995,0.0022
2021-02-28,0.0173,0.0075,-0.0147,-0.0024,-0.012199999999999999
2021-03-31,0.0263,0.011699999999999999,0.0015,-0.0045000000000000005,0.0032
2021-04-30,0.0127,0.0021,-0.0002,-0.0069,-0.0049
2021-05-31,0.0017000000000000001,0.0075,0.017,0.0105,0.0108
2021-06-30,0.0003,0.014199999999999999,0.0143,0.0029,0.0042
2021-07-31,0.0043,0.004,0.0040999999999999995,0.0001,0.0042
2021-08-31,-0.0012,-0.0012,-0.0040999999999999995,-0.0006,-0.0031
2021-09-30,0.0011,0.0039000000000000003,-0.009300000000000001,-0.0042,-0.0037
2021-10-31,0.011000000000000001,0.004699999999999999,0.005,-0.001,0.006
2021-11-30,0.0051,0.020499999999999997,0.0045000000000000005,-0.0113,0.0002
2021-12-31,-0.0161,-0.0046,0.0108,0.023,0.0076
2022-01-31,0.0073,0.0042,0.008,-0.011699999999999999,0.0059
2022-02-28,0.0087,0.0012,0.0066,-0.010700000000000001,0.0038
2022-03-31,-0.015600000000000001,-0.0028000000000000004,-0.008199999999999999,-0.0040999999999999995,0.005600000000000001
2022-04-30,0.0039000000000000003,0.005699999999999999,-0.0058,-0.0091,0.0005
2022-05-31,0.008,0.0039000000000000003,-0.0115,-0.0062,-0.0134
2022-06-30,-0.0075,0.0025,0.0072,-0.0024,0.0108
2022-07-31,0.011399999999999999,-0.0002,0.0011,-0.0075,-0.0007000000000000001
2022-08-31,-0.0019,0.0018,-0.0026,0.0017000000000000001,0.0034999999999999996
2022-09-30,-0.0001,-0.0104,-0.003,0.0062,0.0055000000000000005
2022-10-31,0.0255,0.0001,0.0069,0.009000000000000001,0.0037
2022-11-30,-0.0034999999999999996,0.0044,0.0078000000000000005,-0.0003,0.004
2022-12-31,-0.0003,0.0004,-0.0069,-0.0032,-0.0032
2023-01-31,-0.0048,0.0005,-0.0012,0.0025,0.0051
2023-02-28,0.011899999999999999,0.0063,-0.0167,-0.002,-0.0109
2023-03-31,-0.0042,0.004,0.0062,0.002,0.0060999999999999995
2023-04-30,0.0028000000000000004,-0.0019,0.0078000000000000005,0.0051,0.0070999999999999995
2023-05-31,-0.0002,0.0017000000000000001,-0.0079,-0.0051,0.0018
2023-06-30,0.0102,0.0005,-0.0007000000000000001,-0.0012,-0.0038
2023-07-31,0.0015,0.0027,0.010700000000000001,0.0016,0.0012
2023-08-31,-0.0034999999999999996,-0.0011,0.003,0.0019,-0.0028000000000000004
2023-09-30,0.0026,0.0084,0.0058,-0.0003,-0.002
2023-10-31,-0.0014000000000000002,-0.0128,-0.0105,0.0087,-0.0052
2023-11-30,0.009300000000000001,-0.0068000000000000005,-0.0002,0.0012,-0.0070999999999999995
2023-12-31,0.008199999999999999,0.0223,0.010700000000000001,-0.0037,0.005699999999999999
2024-01-31,-0.006999999999999999,-0.0026,0.0079,0.0066,0.0064
2024-02-29,0.0123,0.0033,-0.013500000000000002,-0.0005,-0.0029
2024-03-31,0.0076,0.0001,-0.005600000000000001,-0.0024,-0.0016
2024-04-30,-0.0027,-0.0091,-0.0027,0.0034000000000000002,-0.0031
2024-05-31,-0.0027,0.01,-0.0003,-0.0143,-0.0002
2024-06-30,0.0004,-0.0032,-0.0062,0.0034999999999999996,-0.0043
2024-07-31,0.0022,-0.0106,-0.0046,0.0049,-0.0034000000000000002
2024-08-31,-0.0161,-0.0124,-0.0067,0.0091,-0.0089
2024-09-30,-0.0226,-0.0074,0.013600000000000001,0.0068000000000000005,-0.008199999999999999
2024-10-31,-0.0097,-0.0066,-0.0002,0.0078000000000000005,-0.005699999999999999
2024-11-30,0.0046,0.0037,-0.0109,-0.0042,0.0016
2024-12-31,0.0022,0.0018,-0.0067,0.0049,-0.0039000000000000003
