Date,News_Based_Policy_Uncert_Index
2025-04-01,715.5905451740905
2025-03-01,446.30316270906906
2025-02-01,329.2907931159745
2025-01-01,236.78706815651915
2024-12-01,218.84548056843855
2024-11-01,225.04903075137688
2024-10-01,109.29088880997024
2024-09-01,127.39912062749826
2024-08-01,138.3664253273809
2024-07-01,144.93679861142613
2024-06-01,144.17842439562995
2024-05-01,123.60752054667117
2024-04-01,139.4120173422644
2024-03-01,116.71150289896295
2024-02-01,106.51287342793694
2024-01-01,131.2736785982848
2023-12-01,107.00157900353959
2023-11-01,140.67720419175046
2023-10-01,133.59407497617926
2023-09-01,117.69877740932384
2023-08-01,76.8442238599466
2023-07-01,132.710630244132
2023-06-01,179.30804360580657
2023-05-01,205.17645766377262
2023-04-01,165.4175590624888
2023-03-01,200.48993632249247
2023-02-01,152.96728106380317
2023-01-01,161.42711351828396
2022-12-01,150.03712407268858
2022-11-01,210.37489419320417
2022-10-01,207.27533479562322
2022-09-01,201.73848940265736
2022-08-01,183.0348267700993
2022-07-01,222.78993756365375
2022-06-01,152.81057402833767
2022-05-01,190.45301794086703
2022-04-01,168.82774660506905
2022-03-01,229.2447416565428
2022-02-01,140.442501940303
2022-01-01,155.279658979555
2021-12-01,201.43366532410738
2021-11-01,175.87287993217254
2021-10-01,136.92023897318535
2021-09-01,171.30044767776016
2021-08-01,157.1952139740155
2021-07-01,182.171409450722
2021-06-01,149.131269416058
2021-05-01,172.09620892868668
2021-04-01,141.3001663096493
2021-03-01,166.7855324285332
2021-02-01,187.51961611197683
2021-01-01,261.30613275031254
2020-12-01,326.61663006838853
2020-11-01,327.60960495189306
2020-10-01,305.76662668120656
2020-09-01,252.58784270321775
2020-08-01,263.471433963797
2020-07-01,427.91536611277434
2020-06-01,300.2401726881104
2020-05-01,503.9633367059844
2020-04-01,400.94474317052357
2020-03-01,425.7791697764692
2020-02-01,216.1912123553838
2020-01-01,164.75530578231132
2019-12-01,190.5049252842669
2019-11-01,170.48034105615363
2019-10-01,159.5113928417186
2019-09-01,186.6406965622766
2019-08-01,282.52293100286573
2019-07-01,207.745461743896
2019-06-01,207.99137228425923
2019-05-01,160.8581540301101
2019-04-01,109.68637345474953
2019-03-01,180.63169968632656
2019-02-01,123.63928802128095
2019-01-01,284.1359376541715
2018-12-01,226.57688783543793
2018-11-01,164.94220233666894
2018-10-01,136.11465330894578
2018-09-01,120.9851906831101
2018-08-01,114.9613708572396
2018-07-01,176.20507806975243
2018-06-01,134.40277095276352
2018-05-01,162.27669727441403
2018-04-01,139.0353863798274
2018-03-01,187.09588988952652
2018-02-01,114.75555830719168
2018-01-01,160.96720482315624
2017-12-01,140.35018163208687
2017-11-01,111.28268645750131
2017-10-01,125.86584390490803
2017-09-01,116.62001749224488
2017-08-01,137.85970356732346
2017-07-01,141.13833497496015
2017-06-01,120.63846201397699
2017-05-01,129.88805773509438
2017-04-01,157.67652276048602
2017-03-01,154.6096950716648
2017-02-01,177.77771703078386
2017-01-01,195.0406301487559
2016-12-01,161.42478617964736
2016-11-01,254.1013277977594
2016-10-01,108.06412479274995
2016-09-01,86.34353837572384
2016-08-01,106.88562278807385
2016-07-01,164.45840052945698
2016-06-01,233.95610298070238
2016-05-01,96.22233274231513
2016-04-01,96.41341581246452
2016-03-01,130.49015932384305
2016-02-01,148.32178884302218
2016-01-01,154.8573305883009
2015-12-01,101.96343285162988
2015-11-01,89.58371043936737
2015-10-01,110.70193773826145
2015-09-01,171.9326776079735
2015-08-01,156.50362976849812
2015-07-01,98.73479281421763
2015-06-01,115.88028665124163
2015-05-01,102.31869650214142
2015-04-01,103.54495698207339
2015-03-01,95.97896260680174
2015-02-01,87.60946941534985
2015-01-01,120.54422995171836
2014-12-01,87.41532796064575
2014-11-01,93.18594252758307
2014-10-01,113.3345833818482
2014-09-01,86.21660154224651
2014-08-01,63.877336319759245
2014-07-01,78.50598746054466
2014-06-01,85.96846751882667
2014-05-01,102.01504290843218
2014-04-01,96.99343088939669
2014-03-01,101.01873198897096
2014-02-01,93.36929825576232
2014-01-01,107.70512883233452
2013-12-01,115.02073762766821
2013-11-01,89.91517306848463
2013-10-01,225.37330714232283
2013-09-01,179.88973643717776
2013-08-01,108.75837824894603
2013-07-01,91.43749002531645
2013-06-01,126.62586942442519
2013-05-01,109.02804315682971
2013-04-01,135.44059164932975
2013-03-01,146.11586159850825
2013-02-01,128.5625134303117
2013-01-01,199.35894224148564
2012-12-01,214.95194883229547
2012-11-01,205.8646602342428
2012-10-01,166.12840409667675
2012-09-01,182.1071854846393
2012-08-01,142.95530132785808
2012-07-01,180.80354221209834
2012-06-01,197.46097892179694
2012-05-01,135.87985109650262
2012-04-01,96.96967116682289
2012-03-01,98.74810531454743
2012-02-01,119.4354400314271
2012-01-01,154.4180208360814
2011-12-01,183.08860708397356
2011-11-01,143.71456285976535
2011-10-01,137.83925213179361
2011-09-01,214.42610531267997
2011-08-01,283.66557475900305
2011-07-01,207.16030727622618
2011-06-01,139.03789822439276
2011-05-01,84.54916109828461
2011-04-01,124.84658739325506
2011-03-01,153.84172881941558
2011-02-01,104.56237005718249
2011-01-01,111.49282491700214
2010-12-01,151.55332953432713
2010-11-01,175.04428360372944
2010-10-01,154.76274087338885
2010-09-01,186.74124807429988
2010-08-01,127.22817320700601
2010-07-01,196.947246910094
2010-06-01,129.73219825852576
2010-05-01,147.7632571041711
2010-04-01,123.70220486752557
2010-03-01,124.68750888053152
2010-02-01,116.72155709274665
2010-01-01,136.8638567524851
2009-12-01,108.39608714570849
2009-11-01,99.77926919298855
2009-10-01,86.24175958283952
2009-09-01,99.00963605868142
2009-08-01,111.17433944828353
2009-07-01,104.35510709905104
2009-06-01,112.47263513210393
2009-05-01,125.94462128322635
2009-04-01,107.92724800662688
2009-03-01,167.99121944262882
2009-02-01,202.54796673020627
2009-01-01,184.8178304010666
2008-12-01,157.82867702696615
2008-11-01,162.71338402414273
2008-10-01,241.7722778211416
2008-09-01,238.17187424023004
2008-08-01,81.1630782735328
2008-07-01,115.10272430568087
2008-06-01,89.13688332817846
2008-05-01,88.67343413142108
2008-04-01,98.1976986520828
2008-03-01,114.47457606203336
2008-02-01,108.31473674539728
2008-01-01,177.04220662091018
2007-12-01,116.99089720853152
2007-11-01,106.56616521489961
2007-10-01,90.64007584792559
2007-09-01,109.89265546447362
2007-08-01,90.0072966190591
2007-07-01,44.782750655359
2007-06-01,68.75923280644103
2007-05-01,71.13732014761729
2007-04-01,59.84139351214012
2007-03-01,72.52986574387415
2007-02-01,50.86002527277037
2007-01-01,74.5100265359479
2006-12-01,51.039038864062306
2006-11-01,49.59913098535966
2006-10-01,55.629510832709265
2006-09-01,61.75134643114063
2006-08-01,71.51509490076546
2006-07-01,84.47445648144311
2006-06-01,82.58628252380929
2006-05-01,67.80979905027529
2006-04-01,81.65172364535397
2006-03-01,55.008072876583114
2006-02-01,69.49174527895298
2006-01-01,75.0792378739031
2005-12-01,70.02675640647561
2005-11-01,60.06785222693027
2005-10-01,79.82999973324895
2005-09-01,105.76985636920045
2005-08-01,59.617232439781645
2005-07-01,71.93954705749206
2005-06-01,82.0055894646693
2005-05-01,75.09076519417845
2005-04-01,78.39587328372458
2005-03-01,49.30863986934948
2005-02-01,51.69568735068457
2005-01-01,66.73432810959338
2004-12-01,66.53287700707968
2004-11-01,96.69576749080885
2004-10-01,118.34145293903767
2004-09-01,108.50957987436333
2004-08-01,84.44987824707995
2004-07-01,88.95650111507221
2004-06-01,85.27448960446613
2004-05-01,97.20803838432163
2004-04-01,79.72691950012862
2004-03-01,84.33089610192823
2004-02-01,88.90148508207112
2004-01-01,88.27759572857266
2003-12-01,90.34358991197523
2003-11-01,78.69609964329601
2003-10-01,78.58598676467068
2003-09-01,109.55396002444846
2003-08-01,91.71417654404974
2003-07-01,103.74824713972363
2003-06-01,110.69554185728094
2003-05-01,122.30983047070124
2003-04-01,176.57986689384026
2003-03-01,224.64720345160174
2003-02-01,161.75976715994645
2003-01-01,185.59162652138568
2002-12-01,160.41131507289407
2002-11-01,162.2214061864004
2002-10-01,128.97361341063151
2002-09-01,149.84820720275255
2002-08-01,136.1190661974469
2002-07-01,139.6611168980289
2002-06-01,111.14994799168991
2002-05-01,98.64004001359024
2002-04-01,106.16464875162978
2002-03-01,97.51299569010776
2002-02-01,104.60942572225599
2002-01-01,148.4497314528814
2001-12-01,149.70893021681252
2001-11-01,172.48882813310587
2001-10-01,247.29424979686613
2001-09-01,272.7644685794166
2001-08-01,95.39996953368582
2001-07-01,120.29459148285862
2001-06-01,93.46123235104056
2001-05-01,117.43625549349886
2001-04-01,148.75800337441086
2001-03-01,137.37415698636863
2001-02-01,128.62565535107098
2001-01-01,142.61412471311857
2000-12-01,149.4485001795515
2000-11-01,166.18403239077642
2000-10-01,89.91344671287975
2000-09-01,73.55099246733765
2000-08-01,58.9064610781457
2000-07-01,86.65834800601013
2000-06-01,109.58422938231769
2000-05-01,118.14320821528011
2000-04-01,70.59974192111534
2000-03-01,73.29862438174338
2000-02-01,73.3651997030655
2000-01-01,88.98869391073669
1999-12-01,79.32242992747162
1999-11-01,76.31718243112634
1999-10-01,65.3370789914859
1999-09-01,77.49835238828636
1999-08-01,77.02533663214793
1999-07-01,86.52993788376686
1999-06-01,74.92561924374593
1999-05-01,64.77645683453999
1999-04-01,69.78789408995442
1999-03-01,67.02757147960898
1999-02-01,94.9962815962865
1999-01-01,123.32283747283167
1998-12-01,110.89498351659728
1998-11-01,113.50474604361462
1998-10-01,145.0232340405699
1998-09-01,169.03726517657716
1998-08-01,130.4670375017141
1998-07-01,101.41852014934375
1998-06-01,80.88773246542675
1998-05-01,80.12714109527326
1998-04-01,74.45728445332433
1998-03-01,83.34761451406713
1998-02-01,101.14946961212516
1998-01-01,107.95375973979459
1997-12-01,103.69952524168959
1997-11-01,85.98280737802611
1997-10-01,92.92955831425789
1997-09-01,54.414304318792254
1997-08-01,58.9150257557291
1997-07-01,76.70619865829349
1997-06-01,84.47804647674762
1997-05-01,75.86949851140297
1997-04-01,71.10443874077556
1997-03-01,70.45269280548638
1997-02-01,92.08614082091208
1997-01-01,75.44551573321536
1996-12-01,67.17334641709162
1996-11-01,74.3711974271964
1996-10-01,55.67024217978777
1996-09-01,78.98076227056822
1996-08-01,88.64742317687785
1996-07-01,69.6936720887051
1996-06-01,82.24293662564388
1996-05-01,62.109610574834804
1996-04-01,70.88105946563621
1996-03-01,76.6304553233783
1996-02-01,82.02139498574057
1996-01-01,101.57821855006004
1995-12-01,90.67060646748811
1995-11-01,101.20012387304337
1995-10-01,79.90552416007453
1995-09-01,70.38091610462732
1995-08-01,55.888009480732194
1995-07-01,81.6529427313606
1995-06-01,75.8233853357174
1995-05-01,67.30165511787013
1995-04-01,65.99556422083535
1995-03-01,86.48618206747146
1995-02-01,100.51555754606565
1995-01-01,122.40637721419766
1994-12-01,94.76318667221287
1994-11-01,94.68728008930799
1994-10-01,61.68622431713445
1994-09-01,85.29349647378884
1994-08-01,88.99729445095
1994-07-01,75.43204598904657
1994-06-01,87.46889796697059
1994-05-01,94.50387600337432
1994-04-01,106.3544522885795
1994-03-01,83.22688321376525
1994-02-01,96.14565340898578
1994-01-01,82.292792334517
1993-12-01,77.27201262059008
1993-11-01,89.25749665503251
1993-10-01,78.82250778696172
1993-09-01,116.02729162824915
1993-08-01,115.57617998756493
1993-07-01,106.50298783719627
1993-06-01,120.68005828330716
1993-05-01,133.50576901067626
1993-04-01,89.65112958727644
1993-03-01,109.79681364072599
1993-02-01,106.9761210799595
1993-01-01,83.46497781036663
1992-12-01,87.87209518675475
1992-11-01,108.15006236420741
1992-10-01,161.2542436336425
1992-09-01,141.44325171216033
1992-08-01,122.40711783430207
1992-07-01,119.61317295359896
1992-06-01,122.29350486035858
1992-05-01,78.68047116353368
1992-04-01,89.85422177022748
1992-03-01,96.82840989020882
1992-02-01,154.59694387828964
1992-01-01,116.36485991068336
1991-12-01,171.01097815988044
1991-11-01,140.61236293406452
1991-10-01,108.12096365345326
1991-09-01,127.29445172855363
1991-08-01,99.1220876351474
1991-07-01,80.64899574924756
1991-06-01,85.9190353459905
1991-05-01,82.14782292687619
1991-04-01,93.01464313403947
1991-03-01,107.9374781057991
1991-02-01,106.5180636916813
1991-01-01,204.01055058227868
1990-12-01,134.0615437084288
1990-11-01,152.44860325465453
1990-10-01,137.67423664993336
1990-09-01,165.93844185541894
1990-08-01,139.3226840178918
1990-07-01,86.28017835824672
1990-06-01,100.86433963474325
1990-05-01,97.38793637078642
1990-04-01,88.44817178422947
1990-03-01,104.46140831561843
1990-02-01,110.44626688295094
1990-01-01,92.32149379247754
1989-12-01,103.796680676249
1989-11-01,105.04747809172366
1989-10-01,76.44955399464676
1989-09-01,74.69547791556961
1989-08-01,83.10930612101801
1989-07-01,78.25659479674692
1989-06-01,95.7862993902311
1989-05-01,83.75286515339579
1989-04-01,92.37982687533714
1989-03-01,72.52324803386588
1989-02-01,51.350641060809274
1989-01-01,87.42640643008654
1988-12-01,77.82810148147189
1988-11-01,102.23399611027996
1988-10-01,98.25379827201358
1988-09-01,85.35680233220376
1988-08-01,94.88969063887849
1988-07-01,80.83589433203447
1988-06-01,88.2859453115135
1988-05-01,99.127443743271
1988-04-01,97.8568013114887
1988-03-01,82.3536346655524
1988-02-01,102.03289430329096
1988-01-01,142.87284665063834
1987-12-01,149.01114680681914
1987-11-01,183.10253427951707
1987-10-01,170.32209014258274
1987-09-01,59.8695948457739
1987-08-01,52.79015023144958
1987-07-01,81.3894136598218
1987-06-01,106.57284921397726
1987-05-01,87.58505029098063
1987-04-01,79.53235921534353
1987-03-01,99.05957577157308
1987-02-01,76.9660740779089
1987-01-01,110.43332862331857
1986-12-01,87.97967601765899
1986-11-01,98.32894297687504
1986-10-01,91.82046226341731
1986-09-01,125.89421513977962
1986-08-01,118.30260795006689
1986-07-01,130.82105163977957
1986-06-01,115.05228327325023
1986-05-01,132.38617226819545
1986-04-01,102.47735756411593
1986-03-01,120.16006053464726
1986-02-01,118.99352788555859
1986-01-01,144.26647331857257
1985-12-01,104.17721701417737
1985-11-01,85.09913268294964
1985-10-01,93.0991037655582
1985-09-01,111.18445938346072
1985-08-01,111.24701076759912
1985-07-01,111.415114817042
1985-06-01,119.5971494980842
1985-05-01,98.05365256517307
1985-04-01,84.77886286583256
1985-03-01,100.76147514536278
1985-02-01,78.31319296403001
1985-01-01,103.7488030104878
1984-12-01,129.87122476580194
1984-11-01,106.90444738343999
1984-10-01,91.10417046317535
1984-09-01,88.63725018460241
1984-08-01,103.43077055295618
1984-07-01,98.23896205749597
1984-06-01,107.43720081377268
1984-05-01,85.63728013113811
1984-04-01,88.73534023351917
1984-03-01,99.4737557472964
1984-02-01,122.94157769221435
1984-01-01,120.50577359230081
1983-12-01,81.43585515072274
1983-11-01,99.47738596814001
1983-10-01,97.20953514684756
1983-09-01,90.22024873082944
1983-08-01,84.14592613967697
1983-07-01,108.59049974994134
1983-06-01,106.1084658988767
1983-05-01,97.01246601533803
1983-04-01,103.4535149978334
1983-03-01,104.21082351749142
1983-02-01,115.98874165691154
1983-01-01,119.6069605458822
1982-12-01,111.54712941170149
1982-11-01,103.15013225590428
1982-10-01,108.55278990485175
1982-09-01,114.947386877777
1982-08-01,116.87392285363175
1982-07-01,108.75548958297581
1982-06-01,125.72780923274445
1982-05-01,119.34410292234996
1982-04-01,110.73381177045655
1982-03-01,118.21384477561716
1982-02-01,101.93600859907043
1982-01-01,123.959447165075
1981-12-01,87.04099021937527
1981-11-01,78.63443595156127
1981-10-01,101.4203690670004
1981-09-01,111.77701870308272
1981-08-01,79.28535677466
1981-07-01,100.12719549914377
1981-06-01,104.646005501885
1981-05-01,80.36582903553777
1981-04-01,92.28021384422125
1981-03-01,81.11209872038566
1981-02-01,80.03088559811125
1981-01-01,109.16926067300615
1980-12-01,85.77848831334005
1980-11-01,96.39214276792104
1980-10-01,87.09196148346497
1980-09-01,80.98444830174247
1980-08-01,94.45908721177577
1980-07-01,102.06499256822761
1980-06-01,77.26161978356448
1980-05-01,81.98950087244101
1980-04-01,95.02695747230979
1980-03-01,83.00114710956979
1980-02-01,77.0704775432282
1980-01-01,104.43278559192846
1979-12-01,105.36916031115734
1979-11-01,116.15639859097395
1979-10-01,120.16105078443849
1979-09-01,94.93368302247126
1979-08-01,65.00688324925893
1979-07-01,129.59658744606293
1979-06-01,93.99671561412504
1979-05-01,94.07613595584618
1979-04-01,95.04792384983504
1979-03-01,90.83338562269891
1979-02-01,108.87817623026146
1979-01-01,85.15001559055987
1978-12-01,92.04876874390706
1978-11-01,93.70518665454235
1978-10-01,77.39667881617423
1978-09-01,83.70163156010456
1978-08-01,76.22604372332387
1978-07-01,103.36461163023512
1978-06-01,82.96484490113382
1978-05-01,79.21830881826298
1978-04-01,85.06933578446443
1978-03-01,101.88348152604777
1978-02-01,97.02513474522078
1978-01-01,109.37018228377826
1977-12-01,117.11559184121975
1977-11-01,97.80889201673928
1977-10-01,97.91661326381254
1977-09-01,73.68521511182088
1977-08-01,71.94802849172257
1977-07-01,80.22699160980513
1977-06-01,70.41492696056007
1977-05-01,98.4183246016255
1977-04-01,83.68355454202626
1977-03-01,62.1565894237603
1977-02-01,72.60132747990457
1977-01-01,79.98650800045178
1976-12-01,79.4903531231137
1976-11-01,99.77876838429816
1976-10-01,70.57358242865315
1976-09-01,75.0714112366412
1976-08-01,79.23853433439157
1976-07-01,54.34527283647263
1976-06-01,62.33986371606416
1976-05-01,80.2910020344759
1976-04-01,64.39155340765537
1976-03-01,75.14357113667515
1976-02-01,65.12679166630711
1976-01-01,86.63314602051817
1975-12-01,100.86375989969552
1975-11-01,95.7226263237663
1975-10-01,105.81664059473535
1975-09-01,85.79560221160271
1975-08-01,81.19626057504537
1975-07-01,81.98846366648571
1975-06-01,79.60192684944954
1975-05-01,77.82867509656218
1975-04-01,83.954265296363
1975-03-01,86.50275441470737
1975-02-01,78.77193982677994
1975-01-01,96.24026618160731
1974-12-01,120.38019758556824
1974-11-01,93.21525501293617
1974-10-01,91.89881839722463
1974-09-01,77.50254790975583
1974-08-01,112.01446478070976
1974-07-01,92.50795463755217
1974-06-01,90.92058500908489
1974-05-01,105.9060625653113
1974-04-01,77.31370233974916
1974-03-01,99.99369227546701
1974-02-01,109.72601801259037
1974-01-01,118.7115554618882
1973-12-01,112.02031758574333
1973-11-01,101.72004750194628
1973-10-01,103.71815068871761
1973-09-01,62.645261600992185
1973-08-01,99.787658721058
1973-07-01,80.31189432586147
1973-06-01,98.06448919858434
1973-05-01,82.02454361650268
1973-04-01,72.55245285356742
1973-03-01,82.17805009788904
1973-02-01,82.5668541588522
1973-01-01,92.82370976480541
1972-12-01,66.0583211520019
1972-11-01,75.42695062089466
1972-10-01,56.235113947351174
1972-09-01,63.52884994570959
1972-08-01,60.905578277987146
1972-07-01,64.58624437408163
1972-06-01,57.13097836541111
1972-05-01,72.42741767565438
1972-04-01,58.78318818331341
1972-03-01,62.70855339010819
1972-02-01,53.166992054008844
1972-01-01,83.31001222583413
1971-12-01,80.25195863887231
1971-11-01,113.88128732799431
1971-10-01,72.91774938241477
1971-09-01,77.7932619218022
1971-08-01,97.00557600434917
1971-07-01,71.03269423615862
1971-06-01,71.19012728294723
1971-05-01,56.698596837096886
1971-04-01,54.907638496829534
1971-03-01,56.23683274579141
1971-02-01,59.02602032329414
1971-01-01,69.00331928983458
1970-12-01,70.27073310692963
1970-11-01,58.351814226498625
1970-10-01,47.58483109726648
1970-09-01,58.80250243992415
1970-08-01,43.84640744668897
1970-07-01,49.262007944235954
1970-06-01,69.62145699613144
1970-05-01,75.37849828555359
1970-04-01,42.451491383230056
1970-03-01,40.658955008187846
1970-02-01,42.54625496447586
1970-01-01,56.04300858719923
1969-12-01,74.22594021078156
1969-11-01,54.524257541289884
1969-10-01,55.90608999248391
1969-09-01,47.24719833297011
1969-08-01,51.62115511543788
1969-07-01,63.03061324784694
1969-06-01,50.30534082329954
1969-05-01,51.766223185516374
1969-04-01,53.19501143203023
1969-03-01,57.02036035027696
1969-02-01,59.5917791288477
1969-01-01,65.94763645934204
1968-12-01,56.198278318709626
1968-11-01,67.5794948146783
1968-10-01,53.07360647496081
1968-09-01,42.701257985883466
1968-08-01,52.048491377640914
1968-07-01,56.49348195081972
1968-06-01,54.04080843690439
1968-05-01,60.484087412203706
1968-04-01,76.41503746560987
1968-03-01,91.10498541071166
1968-02-01,60.62426579706429
1968-01-01,106.39666098217447
1967-12-01,67.47095121145475
1967-11-01,64.61830144671478
1967-10-01,62.87952938322763
1967-09-01,39.52046589133824
1967-08-01,46.59029134978642
1967-07-01,42.298459053137556
1967-06-01,77.29192101468757
1967-05-01,49.8178095726185
1967-04-01,43.05897550264307
1967-03-01,49.3580013554002
1967-02-01,49.59184684663955
1967-01-01,66.87755827580607
1966-12-01,61.44903715550146
1966-11-01,49.028214313294384
1966-10-01,56.47536788967157
1966-09-01,49.388443350188645
1966-08-01,46.76254162450809
1966-07-01,46.00615177298192
1966-06-01,34.28120522342244
1966-05-01,51.00079482495105
1966-04-01,29.717224901327306
1966-03-01,47.21397810794422
1966-02-01,45.87563422073368
1966-01-01,59.78346960661753
1965-12-01,55.079592426992534
1965-11-01,34.24488078914457
1965-10-01,38.31512885066869
1965-09-01,37.94491300214755
1965-08-01,44.43222877886387
1965-07-01,41.3900963033161
1965-06-01,45.55638222768826
1965-05-01,40.649672014887784
1965-04-01,43.39658604109754
1965-03-01,25.874006406193327
1965-02-01,38.10833961763509
1965-01-01,36.329175790802445
1964-12-01,50.15733153347633
1964-11-01,43.7986218866049
1964-10-01,36.56494011305912
1964-09-01,43.928976449345875
1964-08-01,52.33498247972637
1964-07-01,35.53629110687719
1964-06-01,40.30654946764223
1964-05-01,28.51547362981756
1964-04-01,34.709208260882455
1964-03-01,44.78541963248993
1964-02-01,35.37896918929806
1964-01-01,49.51094478212511
1963-12-01,49.66394006914778
1963-11-01,39.347926680671875
1963-10-01,34.410596666347764
1963-09-01,47.05776748246007
1963-08-01,41.85039348905619
1963-07-01,49.30331096709933
1963-06-01,45.99354972062486
1963-05-01,39.97427313124365
1963-04-01,34.923991388385936
1963-03-01,40.60670946249592
1963-02-01,54.32713654948259
1963-01-01,58.06333020725618
1962-12-01,41.24828802338287
1962-11-01,38.79069518979379
1962-10-01,43.53244520401565
1962-09-01,49.97210136708532
1962-08-01,55.1224660760168
1962-07-01,51.63606124673852
1962-06-01,53.72514221301877
1962-05-01,29.902373572964684
1962-04-01,35.0668739173443
1962-03-01,31.648828369135135
1962-02-01,28.510250556971158
1962-01-01,43.64852336764313
1961-12-01,34.20831927921978
1961-11-01,37.85669122703419
1961-10-01,29.784791460701996
1961-09-01,34.108347442355516
1961-08-01,39.54564036159648
1961-07-01,34.11669695029579
1961-06-01,42.024407013901886
1961-05-01,34.99201728182655
1961-04-01,22.45348638091934
1961-03-01,29.45774560576379
1961-02-01,30.76358790350319
1961-01-01,45.98219231541418
1960-12-01,33.63793008993715
1960-11-01,49.29368717755681
1960-10-01,32.35335051428167
1960-09-01,33.1234685274878
1960-08-01,37.13847796327752
1960-07-01,38.62143058650063
1960-06-01,33.49145438320502
1960-05-01,34.76274290540455
1960-04-01,34.0780980715302
1960-03-01,26.086863294065513
1960-02-01,43.3934077457059
1960-01-01,45.83526468323009
1959-12-01,33.62504651024936
1959-11-01,27.31973815284862
1959-10-01,26.407219170591947
1959-09-01,33.905358828286744
1959-08-01,30.14625773612867
1959-07-01,31.604961965839355
1959-06-01,27.022289710706684
1959-05-01,26.526942372290964
1959-04-01,30.383096307410487
1959-03-01,32.481578804814255
1959-02-01,35.48417150762269
1959-01-01,32.461145847494585
1958-12-01,36.66877924641391
1958-11-01,34.48323812628953
1958-10-01,30.090589410784215
1958-09-01,23.56076300712799
1958-08-01,30.38144418649596
1958-07-01,44.65729506255288
1958-06-01,42.00758946019788
1958-05-01,53.7462938058932
1958-04-01,39.66128882561391
1958-03-01,39.760890231779854
1958-02-01,41.427324588497875
1958-01-01,49.83979833887114
1957-12-01,44.43880762806614
1957-11-01,38.60612439004579
1957-10-01,23.647540102517873
1957-09-01,25.656452457066372
1957-08-01,37.40061695125502
1957-07-01,41.4312363366722
1957-06-01,40.46621991584874
1957-05-01,32.47182166022034
1957-04-01,30.692183682093845
1957-03-01,30.222922073454257
1957-02-01,43.27649240870019
1957-01-01,56.511062591762276
1956-12-01,40.628290754980405
1956-11-01,48.464211349250895
1956-10-01,33.70362967859227
1956-09-01,21.94447014973539
1956-08-01,28.82600568422438
1956-07-01,40.88738480261766
1956-06-01,29.77559737076955
1956-05-01,30.228871190469373
1956-04-01,38.203584758788715
1956-03-01,45.707925426373485
1956-02-01,50.98711111495488
1956-01-01,51.984458727128256
1955-12-01,28.03238013890247
1955-11-01,36.9756218110654
1955-10-01,30.72699675912254
1955-09-01,30.29513383378596
1955-08-01,32.80234215510885
1955-07-01,26.707142089798708
1955-06-01,23.621898889579736
1955-05-01,35.33110213446035
1955-04-01,40.43146610773178
1955-03-01,42.571599832855334
1955-02-01,53.74164119632222
1955-01-01,55.49054824371559
1954-12-01,32.90335860654239
1954-11-01,42.83280533547305
1954-10-01,43.427094713411684
1954-09-01,44.30973475554137
1954-08-01,36.31647001784986
1954-07-01,35.61130332328824
1954-06-01,57.60301079567418
1954-05-01,36.600582954852065
1954-04-01,33.644027379231595
1954-03-01,54.56203406390518
1954-02-01,66.41369013813411
1954-01-01,70.05537951615072
1953-12-01,52.979109603817804
1953-11-01,56.218007457702484
1953-10-01,47.951668617818875
1953-09-01,33.66580129567921
1953-08-01,44.87316725630944
1953-07-01,53.86238678674862
1953-06-01,74.4491617495929
1953-05-01,44.27015053111824
1953-04-01,58.25757665684444
1953-03-01,72.7611016487066
1953-02-01,42.601204654265565
1953-01-01,42.51709465990363
1952-12-01,48.10459722731584
1952-11-01,50.28921967930838
1952-10-01,63.92606278352475
1952-09-01,40.62543102998932
1952-08-01,41.55663453666958
1952-07-01,58.37101735389985
1952-06-01,65.03535455273229
1952-05-01,62.85959280304371
1952-04-01,42.34791155136409
1952-03-01,43.06722869860178
1952-02-01,42.19240474420677
1952-01-01,70.91930539940097
1951-12-01,35.97960774940601
1951-11-01,41.27049163944055
1951-10-01,45.350296812981476
1951-09-01,51.520909159856856
1951-08-01,55.52988798387783
1951-07-01,88.51915687797602
1951-06-01,60.47436731067962
1951-05-01,65.61259670993394
1951-04-01,60.767741015139976
1951-03-01,54.941666260777765
1951-02-01,51.64266973039666
1951-01-01,97.29051129750164
1950-12-01,67.387685799085
1950-11-01,72.26731752783783
1950-10-01,55.63600156172033
1950-09-01,57.42730810684411
1950-08-01,66.34370837060634
1950-07-01,78.2022174127543
1950-06-01,60.90484482520447
1950-05-01,41.587580317207745
1950-04-01,42.239508711805925
1950-03-01,39.71388998477623
1950-02-01,49.59324707467922
1950-01-01,74.30217484849709
1949-12-01,48.7278320600217
1949-11-01,37.55261207539221
1949-10-01,48.691026065836
1949-09-01,53.80079157023095
1949-08-01,52.86466133526296
1949-07-01,66.25606446738236
1949-06-01,56.18190528184361
1949-05-01,44.31493560254587
1949-04-01,54.1527896370084
1949-03-01,58.47041131887473
1949-02-01,72.50230394562801
1949-01-01,102.56136970398467
1948-12-01,58.426989432416946
1948-11-01,68.20144054855396
1948-10-01,68.99615516012895
1948-09-01,76.21752381726236
1948-08-01,51.403927145325454
1948-07-01,65.23048262738256
1948-06-01,54.7126956375284
1948-05-01,51.275861844300124
1948-04-01,64.30473926919564
1948-03-01,52.88775398499661
1948-02-01,63.112589561386514
1948-01-01,88.50567320055694
1947-12-01,87.83045212364802
1947-11-01,101.66552010315267
1947-10-01,63.51749994911288
1947-09-01,84.24446070543172
1947-08-01,82.97003093091038
1947-07-01,83.29163886319715
1947-06-01,104.32713875676585
1947-05-01,120.83938347921335
1947-04-01,114.07220730991163
1947-03-01,96.71560285369945
1947-02-01,112.75977134574201
1947-01-01,84.6543052300598
1946-12-01,88.53723389605433
1946-11-01,84.51598640730481
1946-10-01,86.23241409106895
1946-09-01,89.02879543273318
1946-08-01,85.67447137325006
1946-07-01,126.34390957020052
1946-06-01,86.77042763731785
1946-05-01,82.59567366718197
1946-04-01,97.83711883595174
1946-03-01,111.86947820538491
1946-02-01,81.0928363240727
1946-01-01,96.19151750170758
1945-12-01,102.8849779620424
1945-11-01,97.89179440702468
1945-10-01,133.8118665345957
1945-09-01,130.2259492025191
1945-08-01,153.8819499421867
1945-07-01,110.39331187255513
1945-06-01,96.85577382994606
1945-05-01,85.48607032008137
1945-04-01,92.11566852802477
1945-03-01,100.26225453175348
1945-02-01,74.43086247309559
1945-01-01,71.29604823682662
1944-12-01,112.77466265981474
1944-11-01,88.47981713781377
1944-10-01,108.25918653335843
1944-09-01,112.82067015254684
1944-08-01,77.21968702851397
1944-07-01,84.69594164055167
1944-06-01,70.1456979290166
1944-05-01,90.37671865780241
1944-04-01,145.52221811464113
1944-03-01,74.79618122778486
1944-02-01,97.86571608586252
1944-01-01,83.61191324496997
1943-12-01,91.57743272335684
1943-11-01,99.65400732510192
1943-10-01,88.57620320551825
1943-09-01,117.49409792876942
1943-08-01,94.3831489186189
1943-07-01,114.34810409402495
1943-06-01,115.06925857752633
1943-05-01,132.8748991262495
1943-04-01,102.49928551894519
1943-03-01,148.20717390224885
1943-02-01,90.9702227226606
1943-01-01,108.8162402175013
1942-12-01,149.38410631697076
1942-11-01,99.95901996210368
1942-10-01,124.66378409487236
1942-09-01,157.62344816756035
1942-08-01,133.36690517976632
1942-07-01,139.49931130441632
1942-06-01,117.37763451721567
1942-05-01,164.77327924823302
1942-04-01,159.5512436077894
1942-03-01,114.48397807417099
1942-02-01,121.45503929983147
1942-01-01,159.56657943870007
1941-12-01,153.6473932240066
1941-11-01,100.07340896174681
1941-10-01,88.13531658837046
1941-09-01,82.73214033644531
1941-08-01,104.92664379893692
1941-07-01,109.49183172510857
1941-06-01,119.29387251965694
1941-05-01,97.11018563355648
1941-04-01,95.02480897425949
1941-03-01,118.57723729067513
1941-02-01,129.5619151326996
1941-01-01,137.09921672382143
1940-12-01,123.10249278756724
1940-11-01,110.3993869360077
1940-10-01,142.43764168967917
1940-09-01,149.9004867104374
1940-08-01,164.37321409404075
1940-07-01,123.62146619592218
1940-06-01,175.17171346708648
1940-05-01,141.49615502681337
1940-04-01,135.11533807586582
1940-03-01,131.36606080582737
1940-02-01,113.58857299017698
1940-01-01,154.6080681970457
1939-12-01,108.22851487153702
1939-11-01,121.60172985636864
1939-10-01,177.3422891869985
1939-09-01,176.26789198957326
1939-08-01,115.0452546682748
1939-07-01,111.34065134045449
1939-06-01,97.01209558463971
1939-05-01,126.94541493814256
1939-04-01,135.25787980858172
1939-03-01,98.46559155873192
1939-02-01,112.44357170165081
1939-01-01,117.27754414252796
1938-12-01,98.23370194157972
1938-11-01,108.01870292400508
1938-10-01,131.2366323198322
1938-09-01,174.96390184532552
1938-08-01,107.33711043908492
1938-07-01,93.91314644858265
1938-06-01,131.38910159526324
1938-05-01,140.77485237103264
1938-04-01,137.31458513182827
1938-03-01,126.12654083642272
1938-02-01,139.51975907896394
1938-01-01,201.80568067673786
1937-12-01,163.9070641032671
1937-11-01,176.98934281763334
1937-10-01,95.1933549419979
1937-09-01,127.65160402143157
1937-08-01,121.74901310202308
1937-07-01,115.51488670761272
1937-06-01,135.75522006415443
1937-05-01,99.70653439812457
1937-04-01,111.24967356094558
1937-03-01,87.29718009033766
1937-02-01,94.69801501219614
1937-01-01,131.32049782993326
1936-12-01,72.99134655355822
1936-11-01,92.31229314269629
1936-10-01,95.13304882431039
1936-09-01,90.53437396301003
1936-08-01,103.09708657990397
1936-07-01,94.56177060135178
1936-06-01,152.52735896454763
1936-05-01,151.99956930557246
1936-04-01,121.05549274861686
1936-03-01,121.74530879503985
1936-02-01,127.45201596117342
1936-01-01,194.16576978217967
1935-12-01,139.05931372094452
1935-11-01,109.43263689951607
1935-10-01,139.11769359900072
1935-09-01,157.3226584405195
1935-08-01,127.00142405972947
1935-07-01,138.3331213799459
1935-06-01,173.8664638584644
1935-05-01,211.27811223591556
1935-04-01,150.29062432191455
1935-03-01,235.13955384087492
1935-02-01,182.12684617271893
1935-01-01,180.55110806817908
1934-12-01,130.18016396820596
1934-11-01,125.50658801970407
1934-10-01,169.45937575433837
1934-09-01,169.56880098262388
1934-08-01,126.76834906434266
1934-07-01,130.16630986008857
1934-06-01,160.84019426568508
1934-05-01,154.95523584751695
1934-04-01,129.27527585833482
1934-03-01,143.81594023201114
1934-02-01,101.67915195285106
1934-01-01,134.865223268356
1933-12-01,136.4877097270246
1933-11-01,129.85966732801418
1933-10-01,105.7411468184165
1933-09-01,94.4877585478262
1933-08-01,80.52570692493533
1933-07-01,66.61824937836379
1933-06-01,121.16543657988005
1933-05-01,112.60130109299809
1933-04-01,132.79525652610937
1933-03-01,99.44382494687166
1933-02-01,119.43471027116054
1933-01-01,131.82769154208142
1932-12-01,141.06623315833602
1932-11-01,174.456337702479
1932-10-01,116.12869037473916
1932-09-01,64.88173694213643
1932-08-01,74.71379744047712
1932-07-01,113.46255246660643
1932-06-01,165.58563376966228
1932-05-01,190.28506370037508
1932-04-01,114.77009874555813
1932-03-01,108.30660166274417
1932-02-01,100.16490534423338
1932-01-01,117.84519214464297
1931-12-01,100.78182062922576
1931-11-01,60.72800120982355
1931-10-01,75.6224639434712
1931-09-01,64.16844299805352
1931-08-01,72.82309693037847
1931-07-01,53.063812287297075
1931-06-01,72.94316092831994
1931-05-01,69.72013973416554
1931-04-01,58.74478192851096
1931-03-01,77.17323501894387
1931-02-01,71.97429202823389
1931-01-01,70.5644105645626
1930-12-01,63.62250223486041
1930-11-01,77.88690680233907
1930-10-01,57.40713445101326
1930-09-01,61.070212497551225
1930-08-01,59.10830039000635
1930-07-01,52.835908504458885
1930-06-01,87.94817499957607
1930-05-01,52.36449098915503
1930-04-01,56.55649221260499
1930-03-01,65.1767183158275
1930-02-01,78.42321636737569
1930-01-01,63.7197032501012
1929-12-01,75.81005004910357
1929-11-01,59.977153001544345
1929-10-01,55.104366832096595
1929-09-01,65.50800189795457
1929-08-01,65.56918223209011
1929-07-01,71.42847721147822
1929-06-01,79.38507671864942
1929-05-01,68.06065465734811
1929-04-01,81.8770381124292
1929-03-01,74.9243502494057
1929-02-01,90.89050603638081
1929-01-01,65.4403834782821
1928-12-01,45.02996316229694
1928-11-01,61.008883991136344
1928-10-01,54.07630310641801
1928-09-01,54.61353874820045
1928-08-01,75.01540211505429
1928-07-01,62.90781547135181
1928-06-01,47.83356790257853
1928-05-01,41.83208680394491
1928-04-01,51.794820435427155
1928-03-01,44.91890803893876
1928-02-01,49.887643167866955
1928-01-01,61.20853132030622
1927-12-01,64.52144122771645
1927-11-01,49.07159174806838
1927-10-01,50.89272537302138
1927-09-01,53.29942102866044
1927-08-01,54.52116814926583
1927-07-01,65.68305262875558
1927-06-01,57.77877275341598
1927-05-01,52.670051863590324
1927-04-01,51.70291657917243
1927-03-01,43.034838238340136
1927-02-01,50.01869414032078
1927-01-01,59.18453502772188
1926-12-01,62.091615879273895
1926-11-01,84.53487837291944
1926-10-01,58.721141041343785
1926-09-01,62.540918681887675
1926-08-01,66.77394880948424
1926-07-01,64.70725667461083
1926-06-01,49.910172762939155
1926-05-01,59.49648953601027
1926-04-01,39.02774120226667
1926-03-01,43.111695199628855
1926-02-01,54.62722245819662
1926-01-01,52.51621940318943
1925-12-01,53.24467878006181
1925-11-01,66.76322854507468
1925-10-01,69.76167983267584
1925-09-01,53.3688101070709
1925-08-01,58.132348854968306
1925-07-01,33.300534401287706
1925-06-01,55.5961728530363
1925-05-01,65.02545664447301
1925-04-01,62.05057215789936
1925-03-01,65.35820713216543
1925-02-01,47.30826012928219
1925-01-01,78.596207503494
1924-12-01,77.57885663361103
1924-11-01,100.6583931205435
1924-10-01,104.7444659815001
1924-09-01,58.98926618940623
1924-08-01,85.83227485073701
1924-07-01,73.27120694614364
1924-06-01,91.37962273045068
1924-05-01,123.79964336181709
1924-04-01,81.89933804046842
1924-03-01,77.11322524581503
1924-02-01,60.34196797048389
1924-01-01,80.4895528887787
1923-12-01,65.94435444335485
1923-11-01,62.571901505495674
1923-10-01,67.12431698118907
1923-09-01,63.22358541583297
1923-08-01,66.01486963108823
1923-07-01,86.3769561495558
1923-06-01,62.72443004983847
1923-05-01,64.41382370123874
1923-04-01,61.305184098113486
1923-03-01,48.19808652695941
1923-02-01,57.68766902746964
1923-01-01,79.20949256764281
1922-12-01,50.35531192450374
1922-11-01,57.14483988214248
1922-10-01,48.91262511818868
1922-09-01,66.15134370896557
1922-08-01,65.63348900131953
1922-07-01,68.23257895305525
1922-06-01,65.63611905927766
1922-05-01,58.81778641053708
1922-04-01,60.35594802503871
1922-03-01,60.037125731603346
1922-02-01,72.63362162818464
1922-01-01,74.33351328557548
1921-12-01,72.67908088348322
1921-11-01,55.612923729214614
1921-10-01,65.59640888841709
1921-09-01,103.87069405028832
1921-08-01,101.42925940376023
1921-07-01,73.96172681089344
1921-06-01,77.66835269032663
1921-05-01,70.17089462511676
1921-04-01,69.65597372860148
1921-03-01,68.96780980309302
1921-02-01,49.32485521651397
1921-01-01,51.590194517671776
1920-12-01,60.074213253119765
1920-11-01,50.89763728408118
1920-10-01,71.99479166307925
1920-09-01,53.84872530259435
1920-08-01,82.25346978806826
1920-07-01,62.1296146603082
1920-06-01,93.43032707638433
1920-05-01,52.23473652414534
1920-04-01,49.13420194469946
1920-03-01,65.55603935091351
1920-02-01,66.25150076117899
1920-01-01,54.078177485751546
1919-12-01,111.76301642268596
1919-11-01,95.68795401040299
1919-10-01,85.01288214603953
1919-09-01,88.6717743256864
1919-08-01,100.90606308544436
1919-07-01,107.82407863510451
1919-06-01,95.63216714723508
1919-05-01,98.17317356547323
1919-04-01,84.65274942112684
1919-03-01,107.28391659080529
1919-02-01,132.6922767919747
1919-01-01,149.58828771788814
1918-12-01,190.02242833526182
1918-11-01,170.38886046257835
1918-10-01,79.39411522768857
1918-09-01,80.35545697598464
1918-08-01,83.83832048778693
1918-07-01,130.3661201787657
1918-06-01,101.37991803474318
1918-05-01,113.96063358357577
1918-04-01,89.73483634374283
1918-03-01,87.71702624382054
1918-02-01,122.75621417077195
1918-01-01,115.80137780969818
1917-12-01,105.82508641465719
1917-11-01,88.6031705603564
1917-10-01,83.21429293338666
1917-09-01,99.19682175722777
1917-08-01,107.93906032386494
1917-07-01,119.24156770505328
1917-06-01,77.69361606395246
1917-05-01,58.12508841328111
1917-04-01,90.78648909629082
1917-03-01,60.65441885590805
1917-02-01,88.45736903749521
1917-01-01,45.764660592129125
1916-12-01,69.31711854300063
1916-11-01,67.06038064265796
1916-10-01,78.60932075021475
1916-09-01,60.5464753504158
1916-08-01,91.2321172263772
1916-07-01,68.74646264361522
1916-06-01,87.2205750219238
1916-05-01,83.1928820390234
1916-04-01,87.1496745862642
1916-03-01,100.26907045660268
1916-02-01,89.881971417118
1916-01-01,74.10184592684229
1915-12-01,81.6601138954894
1915-11-01,88.13450164083413
1915-10-01,83.71015146616607
1915-09-01,96.68174548787243
1915-08-01,125.6023813982912
1915-07-01,92.43446118700427
1915-06-01,93.63154503171512
1915-05-01,102.53114255900125
1915-04-01,69.8942717968347
1915-03-01,111.8042824024795
1915-02-01,117.58581656967498
1915-01-01,98.92425884939938
1914-12-01,74.59051810407418
1914-11-01,110.18187002995059
1914-10-01,81.64744516560664
1914-09-01,135.1475655466202
1914-08-01,167.9369055842178
1914-07-01,113.56249466901484
1914-06-01,120.92258221405741
1914-05-01,62.889375431189144
1914-04-01,75.95466619373012
1914-03-01,59.83611521746364
1914-02-01,73.83674349327819
1914-01-01,102.7545863562316
1913-12-01,115.13215771010212
1913-11-01,100.83190285963947
1913-10-01,91.99557489562743
1913-09-01,82.99121956685464
1913-08-01,80.75226234003162
1913-07-01,78.6591066360698
1913-06-01,88.08856823424169
1913-05-01,78.89040356410464
1913-04-01,100.68076713472237
1913-03-01,80.47925491536525
1913-02-01,78.93478116176412
1913-01-01,68.7078044959379
1912-12-01,72.43675252925222
1912-11-01,95.51644459707796
1912-10-01,44.154820637501366
1912-09-01,43.40500963517748
1912-08-01,57.15520453308165
1912-07-01,56.04842428400875
1912-06-01,61.58728930073076
1912-05-01,35.75909035469244
1912-04-01,40.402335437615406
1912-03-01,59.91710618534567
1912-02-01,72.16987202833614
1912-01-01,57.02069373790545
1911-12-01,74.02960453205472
1911-11-01,67.7476407172625
1911-10-01,75.9791887059593
1911-09-01,62.395480181110855
1911-08-01,71.26988101229686
1911-07-01,55.89784420513916
1911-06-01,65.3682383954761
1911-05-01,74.98354507499823
1911-04-01,86.71923411480918
1911-03-01,66.21092378248433
1911-02-01,77.77629619581889
1911-01-01,46.55912331082926
1910-12-01,57.851517933953275
1910-11-01,86.7609446114407
1910-10-01,56.070716803434024
1910-09-01,71.81888153305813
1910-08-01,42.80038524075554
1910-07-01,63.35991873004494
1910-06-01,82.6605731255287
1910-05-01,62.06953080103969
1910-04-01,64.63380026713276
1910-03-01,57.84240533877445
1910-02-01,83.88425389437937
1910-01-01,79.9112364825519
1909-12-01,77.90698414618835
1909-11-01,48.36732890441066
1909-10-01,55.31691996679614
1909-09-01,48.982962499186854
1909-08-01,79.35566452120231
1909-07-01,76.75909349821522
1909-06-01,62.3469611682441
1909-05-01,74.62185654115257
1909-04-01,84.10680865793373
1909-03-01,112.70161372610481
1909-02-01,102.30043832008371
1909-01-01,100.4308004994919
1908-12-01,74.44730959610128
1908-11-01,57.98059080647804
1908-10-01,71.20596689960766
1908-09-01,44.90950650781523
1908-08-01,43.24493171320281
1908-07-01,34.748673947482125
1908-06-01,62.429033793765235
1908-05-01,64.18028196317204
1908-04-01,67.4650095030536
1908-03-01,75.55497147023618
1908-02-01,66.82783906747673
1908-01-01,64.22721553264995
1907-12-01,63.56571520880701
1907-11-01,46.8754711271998
1907-10-01,42.45763312420831
1907-09-01,54.23378060489044
1907-08-01,52.806111059085524
1907-07-01,59.45341585440891
1907-06-01,46.69207088845852
1907-05-01,52.231291518650906
1907-04-01,43.28167843847676
1907-03-01,50.18377287672286
1907-02-01,43.75566674282699
1907-01-01,25.74542991080432
1906-12-01,56.331500015055646
1906-11-01,60.36237129334769
1906-10-01,51.17484539286658
1906-09-01,35.03742467682737
1906-08-01,55.59409103251172
1906-07-01,62.77704602622871
1906-06-01,73.5676329995582
1906-05-01,53.650515244533985
1906-04-01,56.53477756506911
1906-03-01,50.29425012819165
1906-02-01,83.58761299115976
1906-01-01,49.47076786858465
1905-12-01,67.78009785504985
1905-11-01,89.725279231726
1905-10-01,61.38209291969996
1905-09-01,41.45171374567567
1905-08-01,78.31179081331918
1905-07-01,62.31691182999588
1905-06-01,63.332884697681095
1905-05-01,59.888568204346626
1905-04-01,51.6513600345794
1905-03-01,59.44042855412559
1905-02-01,75.37716473503961
1905-01-01,77.1480457314577
1904-12-01,54.96036560242928
1904-11-01,64.5849256407956
1904-10-01,70.02444114422651
1904-09-01,69.98421977900226
1904-08-01,63.715695189945315
1904-07-01,104.23482742674295
1904-06-01,76.41829725575515
1904-05-01,71.89673124861837
1904-04-01,58.723111732658865
1904-03-01,77.33170527168781
1904-02-01,77.57004038299085
1904-01-01,78.07767861197703
1903-12-01,70.5958379050086
1903-11-01,57.137105289161426
1903-10-01,55.44319238324156
1903-09-01,58.79382695296933
1903-08-01,63.712968820005635
1903-07-01,51.20858422087013
1903-06-01,50.68080937912294
1903-05-01,49.62960114341295
1903-04-01,69.2879582384284
1903-03-01,61.63963115840424
1903-02-01,73.84428546229611
1903-01-01,64.4139644649041
1902-12-01,78.1054609143515
1902-11-01,92.38393443975258
1902-10-01,92.37185839898716
1902-09-01,52.50782544356536
1902-08-01,48.456306358148616
1902-07-01,39.2984149135336
1902-06-01,54.03828209954182
1902-05-01,65.61647141503843
1902-04-01,84.91227316837413
1902-03-01,55.01608578807149
1902-02-01,78.6275459405724
1902-01-01,80.28248212841437
1901-12-01,112.02224382537463
1901-11-01,94.66475033548646
1901-10-01,115.47317621098121
1901-09-01,83.678516684529
1901-08-01,79.44427154424193
1901-07-01,73.20129926475552
1901-06-01,74.8265565450476
1901-05-01,86.54668749552884
1901-04-01,82.40297561791269
1901-03-01,124.65230074322425
1901-02-01,82.14878607272126
1901-01-01,104.35173535513471
1900-12-01,64.2245928833058
1900-11-01,95.54674582820104
1900-10-01,103.01507322329455
1900-09-01,92.60063639827338
1900-08-01,99.2813540425858
1900-07-01,102.41327151079386
1900-06-01,103.10805132857443
1900-05-01,89.71535168901089
1900-04-01,87.03698956783337
1900-03-01,166.5197859047012
1900-02-01,121.12039220696359
1900-01-01,139.9061923834578
